Sample,2Theta_deg,Intensity,Wavelength_A,Scan_Speed_deg/min
Sample_A,10.0,50.52749545699124,1.5406,2.0
Sample_A,10.100143061516452,55.20643402845302,1.5406,2.0
Sample_A,10.200286123032905,42.097089169644136,1.5406,2.0
Sample_A,10.300429184549357,45.91398189923476,1.5406,2.0
Sample_A,10.400572246065808,24.56734690561195,1.5406,2.0
Sample_A,10.50071530758226,0.0,1.5406,2.0
Sample_A,10.600858369098713,55.79361823701093,1.5406,2.0
Sample_A,10.701001430615165,32.533907123755455,1.5406,2.0
Sample_A,10.801144492131616,57.881453131225655,1.5406,2.0
Sample_A,10.901287553648068,68.7021108776982,1.5406,2.0
Sample_A,11.001430615164521,49.68630584888026,1.5406,2.0
Sample_A,11.101573676680973,55.19191932506662,1.5406,2.0
Sample_A,11.201716738197424,20.53371517819516,1.5406,2.0
Sample_A,11.301859799713878,66.03853192152508,1.5406,2.0
Sample_A,11.40200286123033,14.984952266569614,1.5406,2.0
Sample_A,11.50214592274678,40.09896137151227,1.5406,2.0
Sample_A,11.602288984263232,29.82798381353771,1.5406,2.0
Sample_A,11.702432045779686,50.50488371748804,1.5406,2.0
Sample_A,11.802575107296137,47.56986290637373,1.5406,2.0
Sample_A,11.902718168812589,19.06253636159972,1.5406,2.0
Sample_A,12.002861230329042,37.86112052920711,1.5406,2.0
Sample_A,12.103004291845494,22.12374655288096,1.5406,2.0
Sample_A,12.203147353361945,37.446090108770946,1.5406,2.0
Sample_A,12.303290414878397,56.65264308711964,1.5406,2.0
Sample_A,12.40343347639485,19.172663163068428,1.5406,2.0
Sample_A,12.503576537911302,83.40599640743194,1.5406,2.0
Sample_A,12.603719599427754,40.00908269377366,1.5406,2.0
Sample_A,12.703862660944207,63.46257929132122,1.5406,2.0
Sample_A,12.804005722460658,94.9617914636375,1.5406,2.0
Sample_A,12.90414878397711,16.914744979015154,1.5406,2.0
Sample_A,13.004291845493562,40.51205967653451,1.5406,2.0
Sample_A,13.104434907010015,43.961695181986855,1.5406,2.0
Sample_A,13.204577968526467,31.379472458249886,1.5406,2.0
Sample_A,13.304721030042918,72.21972119386747,1.5406,2.0
Sample_A,13.404864091559372,46.20634083107724,1.5406,2.0
Sample_A,13.505007153075823,75.56819181986849,1.5406,2.0
Sample_A,13.605150214592275,38.91845762087195,1.5406,2.0
Sample_A,13.705293276108726,57.086054799852725,1.5406,2.0
Sample_A,13.80543633762518,41.19447655332088,1.5406,2.0
Sample_A,13.905579399141631,41.51102345423898,1.5406,2.0
Sample_A,14.005722460658083,54.56163249702897,1.5406,2.0
Sample_A,14.105865522174536,61.580883339147036,1.5406,2.0
Sample_A,14.206008583690988,32.91623293598699,1.5406,2.0
Sample_A,14.30615164520744,33.1731933289506,1.5406,2.0
Sample_A,14.406294706723891,36.88591775605408,1.5406,2.0
Sample_A,14.506437768240342,47.06234596900158,1.5406,2.0
Sample_A,14.606580829756796,21.760489980983053,1.5406,2.0
Sample_A,14.706723891273247,44.588863508896,1.5406,2.0
Sample_A,14.8068669527897,72.58606608993495,1.5406,2.0
Sample_A,14.907010014306152,23.194838568476325,1.5406,2.0
Sample_A,15.007153075822604,45.01407943483442,1.5406,2.0
Sample_A,15.107296137339056,85.26984425090916,1.5406,2.0
Sample_A,15.207439198855507,38.160811463216426,1.5406,2.0
Sample_A,15.30758226037196,31.843766375652596,1.5406,2.0
Sample_A,15.407725321888412,55.43599234773807,1.5406,2.0
Sample_A,15.507868383404865,49.90876658858894,1.5406,2.0
Sample_A,15.608011444921317,67.0821387255755,1.5406,2.0
Sample_A,15.708154506437769,18.199902321455443,1.5406,2.0
Sample_A,15.80829756795422,51.120979738221514,1.5406,2.0
Sample_A,15.908440629470672,52.11725133032016,1.5406,2.0
Sample_A,16.008583690987123,48.18324844707171,1.5406,2.0
Sample_A,16.10872675250358,35.7224788794748,1.5406,2.0
Sample_A,16.20886981402003,54.07430787803678,1.5406,2.0
Sample_A,16.30901287553648,74.06063674844057,1.5406,2.0
Sample_A,16.409155937052933,51.68626137046787,1.5406,2.0
Sample_A,16.509298998569385,53.27867846684187,1.5406,2.0
Sample_A,16.609442060085836,57.475030999463826,1.5406,2.0
Sample_A,16.709585121602288,45.46186299439595,1.5406,2.0
Sample_A,16.809728183118743,36.57451190824921,1.5406,2.0
Sample_A,16.909871244635195,56.28219758850034,1.5406,2.0
Sample_A,17.010014306151646,79.68836226188685,1.5406,2.0
Sample_A,17.110157367668098,63.04328315987652,1.5406,2.0
Sample_A,17.21030042918455,45.34853264833857,1.5406,2.0
Sample_A,17.310443490701,73.69492373119392,1.5406,2.0
Sample_A,17.410586552217453,68.4189462403848,1.5406,2.0
Sample_A,17.510729613733908,74.33001577353144,1.5406,2.0
Sample_A,17.61087267525036,12.33474389585637,1.5406,2.0
Sample_A,17.71101573676681,54.42583954673085,1.5406,2.0
Sample_A,17.811158798283262,86.33190509190025,1.5406,2.0
Sample_A,17.911301859799714,84.85767950153273,1.5406,2.0
Sample_A,18.011444921316166,48.790444251418776,1.5406,2.0
Sample_A,18.111587982832617,38.209043037809955,1.5406,2.0
Sample_A,18.211731044349072,33.55940814693592,1.5406,2.0
Sample_A,18.31187410586552,48.95563685796943,1.5406,2.0
Sample_A,18.412017167381975,48.295250628167416,1.5406,2.0
Sample_A,18.512160228898427,58.62105656765093,1.5406,2.0
Sample_A,18.61230329041488,46.066408810536544,1.5406,2.0
Sample_A,18.71244635193133,36.78817175327415,1.5406,2.0
Sample_A,18.812589413447782,45.07006710965885,1.5406,2.0
Sample_A,18.912732474964237,45.8091439248318,1.5406,2.0
Sample_A,19.012875536480685,39.87577980734969,1.5406,2.0
Sample_A,19.11301859799714,21.22757608509181,1.5406,2.0
Sample_A,19.21316165951359,45.91978008166731,1.5406,2.0
Sample_A,19.313304721030043,38.651312255667975,1.5406,2.0
Sample_A,19.413447782546495,43.024421280610305,1.5406,2.0
Sample_A,19.513590844062946,29.396235343341658,1.5406,2.0
Sample_A,19.6137339055794,61.7169251365233,1.5406,2.0
Sample_A,19.71387696709585,57.436594810938026,1.5406,2.0
Sample_A,19.814020028612305,1.8570906455843712,1.5406,2.0
Sample_A,19.914163090128756,69.27966303486168,1.5406,2.0
Sample_A,20.014306151645208,51.93008188275357,1.5406,2.0
Sample_A,20.11444921316166,58.57532053715739,1.5406,2.0
Sample_A,20.21459227467811,61.94667296969271,1.5406,2.0
Sample_A,20.314735336194566,64.60172743381877,1.5406,2.0
Sample_A,20.414878397711014,26.17078367699775,1.5406,2.0
Sample_A,20.51502145922747,80.29155022644167,1.5406,2.0
Sample_A,20.61516452074392,36.0471132691647,1.5406,2.0
Sample_A,20.715307582260372,43.475212604433594,1.5406,2.0
Sample_A,20.815450643776824,65.66329672244368,1.5406,2.0
Sample_A,20.915593705293276,16.257505286360768,1.5406,2.0
Sample_A,21.01573676680973,78.32821620983177,1.5406,2.0
Sample_A,21.11587982832618,37.416905769772654,1.5406,2.0
Sample_A,21.216022889842634,39.67607262992968,1.5406,2.0
Sample_A,21.316165951359086,98.93186536644032,1.5406,2.0
Sample_A,21.416309012875537,18.35598705561189,1.5406,2.0
Sample_A,21.51645207439199,13.887282302347245,1.5406,2.0
Sample_A,21.61659513590844,57.55998600317185,1.5406,2.0
Sample_A,21.716738197424895,29.528276393639384,1.5406,2.0
Sample_A,21.816881258941343,30.84047041354218,1.5406,2.0
Sample_A,21.9170243204578,45.97858698694193,1.5406,2.0
Sample_A,22.01716738197425,56.078460949660524,1.5406,2.0
Sample_A,22.1173104434907,45.22865599035858,1.5406,2.0
Sample_A,22.217453505007153,61.19357249968991,1.5406,2.0
Sample_A,22.317596566523605,22.422498188525797,1.5406,2.0
Sample_A,22.41773962804006,77.39622360664178,1.5406,2.0
Sample_A,22.517882689556508,13.751159978507175,1.5406,2.0
Sample_A,22.618025751072963,52.63354405137502,1.5406,2.0
Sample_A,22.718168812589415,85.2040948904901,1.5406,2.0
Sample_A,22.818311874105866,39.418276543753876,1.5406,2.0
Sample_A,22.918454935622318,69.56258308446075,1.5406,2.0
Sample_A,23.01859799713877,28.779547427918377,1.5406,2.0
Sample_A,23.118741058655225,22.64611955396208,1.5406,2.0
Sample_A,23.218884120171673,13.147727751429272,1.5406,2.0
Sample_A,23.319027181688128,39.64074104339693,1.5406,2.0
Sample_A,23.41917024320458,82.54823640207539,1.5406,2.0
Sample_A,23.51931330472103,56.45016842969811,1.5406,2.0
Sample_A,23.619456366237483,63.97071418092387,1.5406,2.0
Sample_A,23.719599427753934,109.87267951658126,1.5406,2.0
Sample_A,23.81974248927039,54.56870655181575,1.5406,2.0
Sample_A,23.919885550786837,44.41707771503828,1.5406,2.0
Sample_A,24.020028612303292,54.64385532395936,1.5406,2.0
Sample_A,24.120171673819744,69.64318329720295,1.5406,2.0
Sample_A,24.220314735336196,50.46468876793487,1.5406,2.0
Sample_A,24.320457796852647,56.52259472511282,1.5406,2.0
Sample_A,24.4206008583691,44.431450303721974,1.5406,2.0
Sample_A,24.520743919885554,48.248510433041375,1.5406,2.0
Sample_A,24.620886981402002,79.42337180951122,1.5406,2.0
Sample_A,24.721030042918457,40.56452101734471,1.5406,2.0
Sample_A,24.82117310443491,56.19689162257292,1.5406,2.0
Sample_A,24.92131616595136,46.7952537433694,1.5406,2.0
Sample_A,25.021459227467812,54.01728723044672,1.5406,2.0
Sample_A,25.121602288984263,32.14664158974465,1.5406,2.0
Sample_A,25.22174535050072,53.917656660262764,1.5406,2.0
Sample_A,25.321888412017167,49.48538652904767,1.5406,2.0
Sample_A,25.42203147353362,68.53744699026998,1.5406,2.0
Sample_A,25.522174535050073,44.14321870380238,1.5406,2.0
Sample_A,25.622317596566525,70.7567283342601,1.5406,2.0
Sample_A,25.722460658082976,78.430761699775,1.5406,2.0
Sample_A,25.822603719599428,57.900740742475755,1.5406,2.0
Sample_A,25.922746781115883,52.803382176735106,1.5406,2.0
Sample_A,26.02288984263233,55.32496697867584,1.5406,2.0
Sample_A,26.123032904148786,67.09887328631663,1.5406,2.0
Sample_A,26.223175965665238,48.04555824414261,1.5406,2.0
Sample_A,26.32331902718169,74.47609828215032,1.5406,2.0
Sample_A,26.42346208869814,72.30598111417493,1.5406,2.0
Sample_A,26.523605150214593,53.50743719421822,1.5406,2.0
Sample_A,26.623748211731044,43.7889590103789,1.5406,2.0
Sample_A,26.723891273247496,79.7966125655336,1.5406,2.0
Sample_A,26.82403433476395,38.33492815099869,1.5406,2.0
Sample_A,26.924177396280403,51.18978939837395,1.5406,2.0
Sample_A,27.024320457796854,49.93056315244379,1.5406,2.0
Sample_A,27.124463519313306,78.13785480996683,1.5406,2.0
Sample_A,27.224606580829757,135.569582235067,1.5406,2.0
Sample_A,27.32474964234621,159.72201613775326,1.5406,2.0
Sample_A,27.42489270386266,203.3245544249461,1.5406,2.0
Sample_A,27.525035765379116,275.8941264280725,1.5406,2.0
Sample_A,27.625178826895567,377.038680032016,1.5406,2.0
Sample_A,27.72532188841202,443.9291356541452,1.5406,2.0
Sample_A,27.82546494992847,576.2904311279265,1.5406,2.0
Sample_A,27.925608011444922,697.8303814873739,1.5406,2.0
Sample_A,28.025751072961373,802.034057949865,1.5406,2.0
Sample_A,28.125894134477825,894.5405571703922,1.5406,2.0
Sample_A,28.22603719599428,962.640000625182,1.5406,2.0
Sample_A,28.32618025751073,1011.7257026879325,1.5406,2.0
Sample_A,28.426323319027183,1038.5638962014293,1.5406,2.0
Sample_A,28.526466380543635,1032.41851217518,1.5406,2.0
Sample_A,28.626609442060087,961.315349968418,1.5406,2.0
Sample_A,28.726752503576538,891.3009690404239,1.5406,2.0
Sample_A,28.82689556509299,738.184477499084,1.5406,2.0
Sample_A,28.927038626609445,641.3475509586187,1.5406,2.0
Sample_A,29.027181688125896,486.57306152347894,1.5406,2.0
Sample_A,29.127324749642348,415.0922212865342,1.5406,2.0
Sample_A,29.2274678111588,306.01501958800065,1.5406,2.0
Sample_A,29.32761087267525,252.60939853598552,1.5406,2.0
Sample_A,29.427753934191703,172.09322305704754,1.5406,2.0
Sample_A,29.527896995708154,79.98701629487104,1.5406,2.0
Sample_A,29.62804005722461,116.52189760306817,1.5406,2.0
Sample_A,29.72818311874106,95.18965826798994,1.5406,2.0
Sample_A,29.828326180257513,33.394125799393535,1.5406,2.0
Sample_A,29.928469241773964,39.70237635326809,1.5406,2.0
Sample_A,30.028612303290416,67.83672387752574,1.5406,2.0
Sample_A,30.128755364806867,63.49626991736122,1.5406,2.0
Sample_A,30.22889842632332,85.61164516059513,1.5406,2.0
Sample_A,30.329041487839774,76.47706570597532,1.5406,2.0
Sample_A,30.429184549356226,50.31940005022082,1.5406,2.0
Sample_A,30.529327610872677,18.163789131734248,1.5406,2.0
Sample_A,30.62947067238913,45.9854787718915,1.5406,2.0
Sample_A,30.72961373390558,48.05593764102148,1.5406,2.0
Sample_A,30.829756795422032,50.99128151689461,1.5406,2.0
Sample_A,30.929899856938484,80.53378525148695,1.5406,2.0
Sample_A,31.03004291845494,31.44119334988132,1.5406,2.0
Sample_A,31.13018597997139,68.49353123443734,1.5406,2.0
Sample_A,31.230329041487842,92.20321681087863,1.5406,2.0
Sample_A,31.330472103004293,37.128109028303534,1.5406,2.0
Sample_A,31.430615164520745,38.20795091502714,1.5406,2.0
Sample_A,31.530758226037197,67.26364720208375,1.5406,2.0
Sample_A,31.630901287553648,73.53942623582068,1.5406,2.0
Sample_A,31.731044349070103,45.03687731071566,1.5406,2.0
Sample_A,31.831187410586555,52.66729207580981,1.5406,2.0
Sample_A,31.931330472103006,24.32099281544417,1.5406,2.0
Sample_A,32.03147353361946,65.18250116517726,1.5406,2.0
Sample_A,32.13161659513591,38.09080024620182,1.5406,2.0
Sample_A,32.23175965665236,51.206714022805976,1.5406,2.0
Sample_A,32.33190271816881,44.60998844723154,1.5406,2.0
Sample_A,32.43204577968527,67.10310631859964,1.5406,2.0
Sample_A,32.532188841201716,40.36857218570345,1.5406,2.0
Sample_A,32.63233190271817,31.490861719768294,1.5406,2.0
Sample_A,32.732474964234626,49.071091089571304,1.5406,2.0
Sample_A,32.832618025751074,71.89041792753297,1.5406,2.0
Sample_A,32.93276108726752,46.434311987331704,1.5406,2.0
Sample_A,33.03290414878398,86.39569873030453,1.5406,2.0
Sample_A,33.13304721030043,63.24649932580892,1.5406,2.0
Sample_A,33.23319027181688,44.23270271539228,1.5406,2.0
Sample_A,33.333333333333336,48.76198177533545,1.5406,2.0
Sample_A,33.43347639484979,59.80922496242245,1.5406,2.0
Sample_A,33.53361945636624,74.52448447963668,1.5406,2.0
Sample_A,33.63376251788269,93.4763115563972,1.5406,2.0
Sample_A,33.73390557939914,73.54119743982454,1.5406,2.0
Sample_A,33.8340486409156,68.00403791817703,1.5406,2.0
Sample_A,33.934191702432045,65.88759888544249,1.5406,2.0
Sample_A,34.0343347639485,73.76455300632901,1.5406,2.0
Sample_A,34.134477825464955,24.107411565201033,1.5406,2.0
Sample_A,34.2346208869814,69.7489148350179,1.5406,2.0
Sample_A,34.33476394849785,49.11026399443059,1.5406,2.0
Sample_A,34.43490701001431,73.64795526180671,1.5406,2.0
Sample_A,34.53505007153076,80.8581968205656,1.5406,2.0
Sample_A,34.63519313304721,58.14896006695082,1.5406,2.0
Sample_A,34.735336194563665,25.57347222664454,1.5406,2.0
Sample_A,34.83547925608012,33.52045742278628,1.5406,2.0
Sample_A,34.93562231759657,25.11894267187187,1.5406,2.0
Sample_A,35.035765379113016,75.4887374555709,1.5406,2.0
Sample_A,35.13590844062947,50.54805239434199,1.5406,2.0
Sample_A,35.236051502145926,13.166347006771758,1.5406,2.0
Sample_A,35.336194563662374,39.331310649993554,1.5406,2.0
Sample_A,35.43633762517883,18.028010990954453,1.5406,2.0
Sample_A,35.536480686695285,54.14819955942251,1.5406,2.0
Sample_A,35.63662374821173,80.02727288676475,1.5406,2.0
Sample_A,35.73676680972818,112.04051030173073,1.5406,2.0
Sample_A,35.836909871244636,63.9183975732805,1.5406,2.0
Sample_A,35.93705293276109,35.47733570541289,1.5406,2.0
Sample_A,36.03719599427754,29.180123963217405,1.5406,2.0
Sample_A,36.137339055793994,25.86432771296112,1.5406,2.0
Sample_A,36.23748211731045,70.41928005655822,1.5406,2.0
Sample_A,36.3376251788269,53.50740578114879,1.5406,2.0
Sample_A,36.437768240343345,43.74403129507585,1.5406,2.0
Sample_A,36.5379113018598,41.9877692651576,1.5406,2.0
Sample_A,36.638054363376256,31.484377644912293,1.5406,2.0
Sample_A,36.738197424892704,24.71850050144172,1.5406,2.0
Sample_A,36.83834048640916,45.762166652341655,1.5406,2.0
Sample_A,36.938483547925614,56.436033173146214,1.5406,2.0
Sample_A,37.03862660944206,30.75216184344537,1.5406,2.0
Sample_A,37.13876967095851,38.464434527925754,1.5406,2.0
Sample_A,37.238912732474965,68.56055838894252,1.5406,2.0
Sample_A,37.33905579399142,38.440353817906356,1.5406,2.0
Sample_A,37.43919885550787,59.31988661678862,1.5406,2.0
Sample_A,37.53934191702432,3.319329942129059,1.5406,2.0
Sample_A,37.63948497854078,13.684259637144201,1.5406,2.0
Sample_A,37.73962804005723,40.20524295068325,1.5406,2.0
Sample_A,37.839771101573675,71.65026320994534,1.5406,2.0
Sample_A,37.93991416309013,44.489591479063364,1.5406,2.0
Sample_A,38.040057224606585,72.80878734125504,1.5406,2.0
Sample_A,38.14020028612303,63.61695279134274,1.5406,2.0
Sample_A,38.24034334763949,72.20271973171886,1.5406,2.0
Sample_A,38.34048640915594,97.445239558239,1.5406,2.0
Sample_A,38.44062947067239,67.40853142560493,1.5406,2.0
Sample_A,38.54077253218884,44.500244507531306,1.5406,2.0
Sample_A,38.640915593705294,56.113241434886554,1.5406,2.0
Sample_A,38.74105865522175,62.774739168506954,1.5406,2.0
Sample_A,38.8412017167382,62.89554783281509,1.5406,2.0
Sample_A,38.94134477825465,83.73656860773163,1.5406,2.0
Sample_A,39.04148783977111,80.43862141482059,1.5406,2.0
Sample_A,39.141630901287556,107.3893865497644,1.5406,2.0
Sample_A,39.241773962804004,109.991353703453,1.5406,2.0
Sample_A,39.34191702432046,159.7236015684457,1.5406,2.0
Sample_A,39.442060085836914,176.53372379892093,1.5406,2.0
Sample_A,39.54220314735336,242.04573139318407,1.5406,2.0
Sample_A,39.64234620886982,300.4196140938042,1.5406,2.0
Sample_A,39.74248927038627,387.44910938974004,1.5406,2.0
Sample_A,39.84263233190272,451.69288523845137,1.5406,2.0
Sample_A,39.94277539341917,513.9885272422455,1.5406,2.0
Sample_A,40.042918454935624,596.6086755322085,1.5406,2.0
Sample_A,40.14306151645208,636.1825746713447,1.5406,2.0
Sample_A,40.24320457796853,629.6190315757968,1.5406,2.0
Sample_A,40.34334763948498,643.865721071972,1.5406,2.0
Sample_A,40.44349070100144,632.6556446446407,1.5406,2.0
Sample_A,40.543633762517885,624.0308451827002,1.5406,2.0
Sample_A,40.64377682403433,549.0766718000214,1.5406,2.0
Sample_A,40.74391988555079,446.37040402711716,1.5406,2.0
Sample_A,40.84406294706724,363.0477544299206,1.5406,2.0
Sample_A,40.94420600858369,339.0936791152194,1.5406,2.0
Sample_A,41.04434907010015,250.33847419758416,1.5406,2.0
Sample_A,41.1444921316166,172.6117744125774,1.5406,2.0
Sample_A,41.24463519313305,136.1870722312932,1.5406,2.0
Sample_A,41.3447782546495,136.33226609015318,1.5406,2.0
Sample_A,41.44492131616595,110.29570961755327,1.5406,2.0
Sample_A,41.54506437768241,74.41419249020204,1.5406,2.0
Sample_A,41.645207439198856,47.46924678864302,1.5406,2.0
Sample_A,41.74535050071531,45.705538655578216,1.5406,2.0
Sample_A,41.845493562231766,46.86478472293802,1.5406,2.0
Sample_A,41.945636623748214,25.652938018546397,1.5406,2.0
Sample_A,42.04577968526466,46.872048868287756,1.5406,2.0
Sample_A,42.14592274678112,33.1369014001347,1.5406,2.0
Sample_A,42.24606580829757,46.786293418108556,1.5406,2.0
Sample_A,42.34620886981402,26.391545197771457,1.5406,2.0
Sample_A,42.446351931330476,61.262055274764236,1.5406,2.0
Sample_A,42.546494992846924,43.30120320075477,1.5406,2.0
Sample_A,42.64663805436338,67.02197062407532,1.5406,2.0
Sample_A,42.74678111587983,57.76762502132715,1.5406,2.0
Sample_A,42.84692417739628,49.41923232890216,1.5406,2.0
Sample_A,42.94706723891274,29.87312334151503,1.5406,2.0
Sample_A,43.047210300429185,56.224197780081354,1.5406,2.0
Sample_A,43.14735336194564,26.09447998853465,1.5406,2.0
Sample_A,43.24749642346209,29.82672736449016,1.5406,2.0
Sample_A,43.347639484978544,45.075714098118034,1.5406,2.0
Sample_A,43.44778254649499,16.317622920195625,1.5406,2.0
Sample_A,43.54792560801145,102.33884821291191,1.5406,2.0
Sample_A,43.6480686695279,45.22833704470078,1.5406,2.0
Sample_A,43.74821173104435,8.869422341670614,1.5406,2.0
Sample_A,43.848354792560805,77.02325836353492,1.5406,2.0
Sample_A,43.94849785407725,61.24903349064466,1.5406,2.0
Sample_A,44.04864091559371,60.086026949584195,1.5406,2.0
Sample_A,44.148783977110156,55.64411741874877,1.5406,2.0
Sample_A,44.24892703862661,22.666826144978984,1.5406,2.0
Sample_A,44.34907010014307,64.207752209046,1.5406,2.0
Sample_A,44.449213161659515,38.726196208789645,1.5406,2.0
Sample_A,44.54935622317597,29.63669236049613,1.5406,2.0
Sample_A,44.64949928469242,41.01959904170285,1.5406,2.0
Sample_A,44.74964234620887,43.04396651213404,1.5406,2.0
Sample_A,44.84978540772532,59.335783590508804,1.5406,2.0
Sample_A,44.949928469241776,82.36658836953754,1.5406,2.0
Sample_A,45.05007153075823,70.21553567214917,1.5406,2.0
Sample_A,45.15021459227468,32.95564748236143,1.5406,2.0
Sample_A,45.250357653791134,52.94195602198296,1.5406,2.0
Sample_A,45.35050071530758,61.522670335192956,1.5406,2.0
Sample_A,45.45064377682404,11.11176892593982,1.5406,2.0
Sample_A,45.550786838340485,0.0,1.5406,2.0
Sample_A,45.65092989985694,6.483313643202166,1.5406,2.0
Sample_A,45.751072961373396,46.35220892410816,1.5406,2.0
Sample_A,45.851216022889844,43.615410442354914,1.5406,2.0
Sample_A,45.9513590844063,48.685048871432805,1.5406,2.0
Sample_A,46.05150214592275,61.79222980322359,1.5406,2.0
Sample_A,46.1516452074392,35.09490596583554,1.5406,2.0
Sample_A,46.25178826895565,44.435144331745114,1.5406,2.0
Sample_A,46.351931330472105,25.9879455611585,1.5406,2.0
Sample_A,46.45207439198856,29.321339224213972,1.5406,2.0
Sample_A,46.55221745350501,50.88247518489818,1.5406,2.0
Sample_A,46.65236051502146,48.485618112349876,1.5406,2.0
Sample_A,46.75250357653791,61.33025269846448,1.5406,2.0
Sample_A,46.85264663805437,73.17733096856864,1.5406,2.0
Sample_A,46.952789699570815,44.64530268366343,1.5406,2.0
Sample_A,47.05293276108727,54.68673791714054,1.5406,2.0
Sample_A,47.153075822603725,35.88080415115258,1.5406,2.0
Sample_A,47.25321888412017,35.47135120010929,1.5406,2.0
Sample_A,47.35336194563663,41.48646299561315,1.5406,2.0
Sample_A,47.453505007153076,22.509205737654113,1.5406,2.0
Sample_A,47.55364806866953,20.206327743601868,1.5406,2.0
Sample_A,47.65379113018598,33.43439801110233,1.5406,2.0
Sample_A,47.753934191702434,32.16732392547457,1.5406,2.0
Sample_A,47.85407725321889,30.922487998041987,1.5406,2.0
Sample_A,47.95422031473534,42.20713296309922,1.5406,2.0
Sample_A,48.05436337625179,49.232389995131605,1.5406,2.0
Sample_A,48.15450643776824,48.09793691720624,1.5406,2.0
Sample_A,48.254649499284696,64.30843150488752,1.5406,2.0
Sample_A,48.354792560801144,44.19347198628657,1.5406,2.0
Sample_A,48.4549356223176,42.15167111538763,1.5406,2.0
Sample_A,48.555078683834054,55.69536895987923,1.5406,2.0
Sample_A,48.6552217453505,93.9611993812056,1.5406,2.0
Sample_A,48.75536480686696,80.90814661522674,1.5406,2.0
Sample_A,48.855507868383405,72.07682073281163,1.5406,2.0
Sample_A,48.95565092989986,66.1470727012078,1.5406,2.0
Sample_A,49.05579399141631,96.74078645274152,1.5406,2.0
Sample_A,49.155937052932764,108.68833319299085,1.5406,2.0
Sample_A,49.25608011444922,133.78989294275956,1.5406,2.0
Sample_A,49.35622317596567,164.50250177820072,1.5406,2.0
Sample_A,49.45636623748212,236.74501353360904,1.5406,2.0
Sample_A,49.55650929899857,310.04041652737953,1.5406,2.0
Sample_A,49.656652360515025,317.8372048941585,1.5406,2.0
Sample_A,49.75679542203147,338.2991124765603,1.5406,2.0
Sample_A,49.85693848354793,423.71332079548034,1.5406,2.0
Sample_A,49.95708154506438,447.0073835067864,1.5406,2.0
Sample_A,50.05722460658083,437.34748169477933,1.5406,2.0
Sample_A,50.15736766809729,424.38775093196153,1.5406,2.0
Sample_A,50.257510729613735,420.6855820512377,1.5406,2.0
Sample_A,50.35765379113019,402.31941265585795,1.5406,2.0
Sample_A,50.45779685264664,355.83459271231237,1.5406,2.0
Sample_A,50.55793991416309,315.8464381287443,1.5406,2.0
Sample_A,50.65808297567955,270.37692909173126,1.5406,2.0
Sample_A,50.758226037195996,221.65977692275663,1.5406,2.0
Sample_A,50.85836909871245,167.66664762623427,1.5406,2.0
Sample_A,50.9585121602289,129.7052602532715,1.5406,2.0
Sample_A,51.058655221745354,107.30017476038533,1.5406,2.0
Sample_A,51.1587982832618,97.67162608797626,1.5406,2.0
Sample_A,51.25894134477826,76.29560014297613,1.5406,2.0
Sample_A,51.35908440629471,80.2678615908863,1.5406,2.0
Sample_A,51.45922746781116,91.51465452081347,1.5406,2.0
Sample_A,51.559370529327616,64.32534310223149,1.5406,2.0
Sample_A,51.659513590844064,71.8295860176527,1.5406,2.0
Sample_A,51.75965665236052,75.23606703214395,1.5406,2.0
Sample_A,51.85979971387697,17.653561604006057,1.5406,2.0
Sample_A,51.95994277539342,30.530629660825014,1.5406,2.0
Sample_A,52.06008583690988,30.820276509847087,1.5406,2.0
Sample_A,52.160228898426325,80.03325027200331,1.5406,2.0
Sample_A,52.26037195994278,63.39698811955947,1.5406,2.0
Sample_A,52.36051502145923,26.417669485330716,1.5406,2.0
Sample_A,52.460658082975684,26.34056449940016,1.5406,2.0
Sample_A,52.56080114449213,10.325589646819154,1.5406,2.0
Sample_A,52.66094420600859,15.438001427115971,1.5406,2.0
Sample_A,52.76108726752504,91.2176715280701,1.5406,2.0
Sample_A,52.86123032904149,58.37453599203887,1.5406,2.0
Sample_A,52.961373390557945,77.97749131910138,1.5406,2.0
Sample_A,53.06151645207439,30.670478155212837,1.5406,2.0
Sample_A,53.16165951359085,55.67652697976542,1.5406,2.0
Sample_A,53.261802575107296,41.71420982009159,1.5406,2.0
Sample_A,53.36194563662375,47.30770703938318,1.5406,2.0
Sample_A,53.46208869814021,29.77489294933819,1.5406,2.0
Sample_A,53.562231759656655,0.0,1.5406,2.0
Sample_A,53.66237482117311,54.961383749678056,1.5406,2.0
Sample_A,53.76251788268956,25.135831651491884,1.5406,2.0
Sample_A,53.86266094420601,71.30341279609101,1.5406,2.0
Sample_A,53.96280400572246,45.87142088096555,1.5406,2.0
Sample_A,54.062947067238916,28.00536581550803,1.5406,2.0
Sample_A,54.16309012875537,38.27387960755007,1.5406,2.0
Sample_A,54.26323319027182,68.63377265856076,1.5406,2.0
Sample_A,54.363376251788274,58.14853277992081,1.5406,2.0
Sample_A,54.46351931330472,10.199607759890839,1.5406,2.0
Sample_A,54.56366237482118,71.66589145204057,1.5406,2.0
Sample_A,54.663805436337626,50.53960250359342,1.5406,2.0
Sample_A,54.76394849785408,104.22787637968398,1.5406,2.0
Sample_A,54.864091559370536,34.63858654015692,1.5406,2.0
Sample_A,54.964234620886984,70.84015990736643,1.5406,2.0
Sample_A,55.06437768240344,49.203469048016004,1.5406,2.0
Sample_A,55.16452074391989,26.957295570865643,1.5406,2.0
Sample_A,55.26466380543634,45.25577712486884,1.5406,2.0
Sample_A,55.36480686695279,42.08190948087477,1.5406,2.0
Sample_A,55.464949928469245,52.86478432627345,1.5406,2.0
Sample_A,55.56509298998569,17.23086832387755,1.5406,2.0
Sample_A,55.66523605150215,70.5428562449072,1.5406,2.0
Sample_A,55.765379113018604,38.42587532203347,1.5406,2.0
Sample_A,55.86552217453505,70.16037375182304,1.5406,2.0
Sample_A,55.96566523605151,32.59065198247211,1.5406,2.0
Sample_A,56.065808297567955,91.23244869612934,1.5406,2.0
Sample_A,56.16595135908441,33.101570487313104,1.5406,2.0
Sample_A,56.26609442060086,49.40903404679755,1.5406,2.0
Sample_A,56.36623748211731,18.95193413221677,1.5406,2.0
Sample_A,56.46638054363377,39.54163472597413,1.5406,2.0
Sample_A,56.566523605150216,53.75799121246026,1.5406,2.0
Sample_A,56.66666666666667,64.0548936525588,1.5406,2.0
Sample_A,56.76680972818312,69.66892964706761,1.5406,2.0
Sample_A,56.866952789699575,31.761990981850808,1.5406,2.0
Sample_A,56.96709585121602,52.61941981334157,1.5406,2.0
Sample_A,57.06723891273248,41.065355059698454,1.5406,2.0
Sample_A,57.16738197424893,65.76941181846439,1.5406,2.0
Sample_A,57.26752503576538,62.59847669664083,1.5406,2.0
Sample_A,57.367668097281836,60.89814876610758,1.5406,2.0
Sample_A,57.467811158798284,105.57966669974317,1.5406,2.0
Sample_A,57.56795422031474,102.72816401164496,1.5406,2.0
Sample_A,57.66809728183119,108.69635348443012,1.5406,2.0
Sample_A,57.76824034334764,117.41514711955385,1.5406,2.0
Sample_A,57.8683834048641,132.06297531439714,1.5406,2.0
Sample_A,57.968526466380546,195.04209809366077,1.5406,2.0
Sample_A,58.068669527897,190.00822933908157,1.5406,2.0
Sample_A,58.16881258941345,264.4943886749509,1.5406,2.0
Sample_A,58.268955650929904,323.3991932943004,1.5406,2.0
Sample_A,58.36909871244635,297.21685765097453,1.5406,2.0
Sample_A,58.46924177396281,365.96590552644835,1.5406,2.0
Sample_A,58.56938483547926,333.0494099903305,1.5406,2.0
Sample_A,58.66952789699571,350.0031541125145,1.5406,2.0
Sample_A,58.769670958512165,326.69089895566606,1.5406,2.0
Sample_A,58.86981402002861,290.11967641865454,1.5406,2.0
Sample_A,58.96995708154507,286.87671840318035,1.5406,2.0
Sample_A,59.07010014306152,218.78802310156718,1.5406,2.0
Sample_A,59.17024320457797,221.5367916867831,1.5406,2.0
Sample_A,59.27038626609443,167.9754396418358,1.5406,2.0
Sample_A,59.370529327610875,119.41349821401101,1.5406,2.0
Sample_A,59.47067238912733,108.17078026261555,1.5406,2.0
Sample_A,59.57081545064378,98.45050619523379,1.5406,2.0
Sample_A,59.67095851216023,96.19612665535891,1.5406,2.0
Sample_A,59.77110157367668,52.320980071161,1.5406,2.0
Sample_A,59.871244635193136,80.28991426276036,1.5406,2.0
Sample_A,59.97138769670959,30.155815749451577,1.5406,2.0
Sample_A,60.07153075822604,42.880022407646706,1.5406,2.0
Sample_A,60.171673819742495,0.0,1.5406,2.0
Sample_A,60.27181688125894,72.98365704311807,1.5406,2.0
Sample_A,60.3719599427754,13.17312324831071,1.5406,2.0
Sample_A,60.472103004291846,38.50020754851043,1.5406,2.0
Sample_A,60.5722460658083,41.83854978060512,1.5406,2.0
Sample_A,60.672389127324756,68.76314779407707,1.5406,2.0
Sample_A,60.772532188841204,52.341092246687204,1.5406,2.0
Sample_A,60.87267525035766,61.298425061537,1.5406,2.0
Sample_A,60.97281831187411,47.39213064228717,1.5406,2.0
Sample_A,61.07296137339056,37.83063475344793,1.5406,2.0
Sample_A,61.17310443490701,72.83378731039853,1.5406,2.0
Sample_A,61.273247496423465,77.18531443487694,1.5406,2.0
Sample_A,61.37339055793992,50.52787983991827,1.5406,2.0
Sample_A,61.47353361945637,54.97503440868049,1.5406,2.0
Sample_A,61.573676680972824,52.98578059918341,1.5406,2.0
Sample_A,61.67381974248927,33.82777399049894,1.5406,2.0
Sample_A,61.77396280400573,64.16349477121165,1.5406,2.0
Sample_A,61.874105865522175,82.34312912282687,1.5406,2.0
Sample_A,61.97424892703863,36.91558717564841,1.5406,2.0
Sample_A,62.074391988555085,46.93296888453282,1.5406,2.0
Sample_A,62.17453505007153,55.620789336571875,1.5406,2.0
Sample_A,62.27467811158799,36.249525284137555,1.5406,2.0
Sample_A,62.374821173104436,77.98575329774509,1.5406,2.0
Sample_A,62.47496423462089,36.79016623243121,1.5406,2.0
Sample_A,62.57510729613734,56.36009273590311,1.5406,2.0
Sample_A,62.675250357653795,47.280010930222794,1.5406,2.0
Sample_A,62.77539341917025,50.856861863007275,1.5406,2.0
Sample_A,62.8755364806867,47.32162091943841,1.5406,2.0
Sample_A,62.97567954220315,78.02394388136358,1.5406,2.0
Sample_A,63.0758226037196,61.96671297606136,1.5406,2.0
Sample_A,63.175965665236056,79.88911383051504,1.5406,2.0
Sample_A,63.276108726752504,76.81084814848052,1.5406,2.0
Sample_A,63.37625178826896,23.65998654683174,1.5406,2.0
Sample_A,63.476394849785414,35.773391236074495,1.5406,2.0
Sample_A,63.57653791130186,54.746759838660104,1.5406,2.0
Sample_A,63.67668097281832,73.80949766944619,1.5406,2.0
Sample_A,63.776824034334766,49.086034926752184,1.5406,2.0
Sample_A,63.87696709585122,76.21071268025256,1.5406,2.0
Sample_A,63.97711015736767,32.665371140619115,1.5406,2.0
Sample_A,64.07725321888412,37.66094551105611,1.5406,2.0
Sample_A,64.17739628040059,47.23073569708817,1.5406,2.0
Sample_A,64.27753934191702,54.720084575573665,1.5406,2.0
Sample_A,64.37768240343348,60.27323852562961,1.5406,2.0
Sample_A,64.47782546494993,37.19855691428735,1.5406,2.0
Sample_A,64.57796852646638,82.5965965675208,1.5406,2.0
Sample_A,64.67811158798284,50.99330679482646,1.5406,2.0
Sample_A,64.77825464949929,44.481760724401916,1.5406,2.0
Sample_A,64.87839771101574,46.6796744721701,1.5406,2.0
Sample_A,64.9785407725322,76.94437946967295,1.5406,2.0
Sample_A,65.07868383404865,55.39513304470495,1.5406,2.0
Sample_A,65.1788268955651,51.679907190141115,1.5406,2.0
Sample_A,65.27896995708156,25.76127026916104,1.5406,2.0
Sample_A,65.37911301859799,7.225076750813848,1.5406,2.0
Sample_A,65.47925608011445,38.840287631858644,1.5406,2.0
Sample_A,65.57939914163092,39.918233889290136,1.5406,2.0
Sample_A,65.67954220314735,39.00661589651326,1.5406,2.0
Sample_A,65.77968526466381,40.690244249544016,1.5406,2.0
Sample_A,65.87982832618026,23.503334226944382,1.5406,2.0
Sample_A,65.97997138769671,57.20849198991308,1.5406,2.0
Sample_A,66.08011444921317,21.40713786828226,1.5406,2.0
Sample_A,66.18025751072962,55.78751950730418,1.5406,2.0
Sample_A,66.28040057224607,57.938882061772574,1.5406,2.0
Sample_A,66.38054363376253,44.47957547512797,1.5406,2.0
Sample_A,66.48068669527898,21.19104948739625,1.5406,2.0
Sample_A,66.58082975679542,48.23878341535337,1.5406,2.0
Sample_A,66.68097281831189,35.222943949484566,1.5406,2.0
Sample_A,66.78111587982832,56.073603446095454,1.5406,2.0
Sample_A,66.88125894134478,30.097793538564883,1.5406,2.0
Sample_A,66.98140200286124,85.66607272328947,1.5406,2.0
Sample_A,67.08154506437768,52.18947697102647,1.5406,2.0
Sample_A,67.18168812589414,32.01372195472776,1.5406,2.0
Sample_A,67.28183118741059,38.124723656767564,1.5406,2.0
Sample_A,67.38197424892704,51.67934960486613,1.5406,2.0
Sample_A,67.4821173104435,45.75596952786933,1.5406,2.0
Sample_A,67.58226037195995,49.62740183986459,1.5406,2.0
Sample_A,67.6824034334764,42.390864918279114,1.5406,2.0
Sample_A,67.78254649499286,60.747999155544036,1.5406,2.0
Sample_A,67.8826895565093,38.9485711243602,1.5406,2.0
Sample_A,67.98283261802575,57.164844935499296,1.5406,2.0
Sample_A,68.08297567954222,60.744556903684305,1.5406,2.0
Sample_A,68.18311874105865,40.764035255224556,1.5406,2.0
Sample_A,68.28326180257511,54.53531873649007,1.5406,2.0
Sample_A,68.38340486409156,76.15629872466855,1.5406,2.0
Sample_A,68.48354792560801,65.4063572820568,1.5406,2.0
Sample_A,68.58369098712447,31.78230932471296,1.5406,2.0
Sample_A,68.68383404864092,49.386015736141395,1.5406,2.0
Sample_A,68.78397711015737,87.60199937109172,1.5406,2.0
Sample_A,68.88412017167383,62.97414932275934,1.5406,2.0
Sample_A,68.98426323319028,58.67831849455105,1.5406,2.0
Sample_A,69.08440629470672,33.73537625433684,1.5406,2.0
Sample_A,69.18454935622319,67.86441292915663,1.5406,2.0
Sample_A,69.28469241773963,21.61789103268163,1.5406,2.0
Sample_A,69.38483547925608,41.44858853559219,1.5406,2.0
Sample_A,69.48497854077254,32.631164986932575,1.5406,2.0
Sample_A,69.58512160228898,17.797580652368204,1.5406,2.0
Sample_A,69.68526466380544,40.66764023458312,1.5406,2.0
Sample_A,69.78540772532189,52.78266175953868,1.5406,2.0
Sample_A,69.88555078683834,65.12222051051802,1.5406,2.0
Sample_A,69.9856938483548,44.05716713013903,1.5406,2.0
Sample_A,70.08583690987125,34.18275152257374,1.5406,2.0
Sample_A,70.1859799713877,23.50532991814909,1.5406,2.0
Sample_A,70.28612303290416,73.09189698208371,1.5406,2.0
Sample_A,70.3862660944206,46.04144268558505,1.5406,2.0
Sample_A,70.48640915593705,46.3932573215413,1.5406,2.0
Sample_A,70.58655221745352,77.22830317182711,1.5406,2.0
Sample_A,70.68669527896996,30.807226822193662,1.5406,2.0
Sample_A,70.78683834048641,27.315933426767746,1.5406,2.0
Sample_A,70.88698140200287,65.02669923193127,1.5406,2.0
Sample_A,70.98712446351931,0.0,1.5406,2.0
Sample_A,71.08726752503577,56.44091656176748,1.5406,2.0
Sample_A,71.18741058655222,53.23769789483149,1.5406,2.0
Sample_A,71.28755364806867,32.357607009314556,1.5406,2.0
Sample_A,71.38769670958513,52.56721012083133,1.5406,2.0
Sample_A,71.48783977110158,74.99134124242632,1.5406,2.0
Sample_A,71.58798283261802,40.06710718879168,1.5406,2.0
Sample_A,71.68812589413449,85.20791164415371,1.5406,2.0
Sample_A,71.78826895565093,43.57678053064116,1.5406,2.0
Sample_A,71.88841201716738,6.997190735444917,1.5406,2.0
Sample_A,71.98855507868385,35.79485238157241,1.5406,2.0
Sample_A,72.0886981402003,80.76380037929152,1.5406,2.0
Sample_A,72.18884120171674,40.82551145377901,1.5406,2.0
Sample_A,72.2889842632332,86.42544318504508,1.5406,2.0
Sample_A,72.38912732474964,61.8650160905694,1.5406,2.0
Sample_A,72.4892703862661,44.548939976495475,1.5406,2.0
Sample_A,72.58941344778255,49.03075697274691,1.5406,2.0
Sample_A,72.689556509299,38.535675894888655,1.5406,2.0
Sample_A,72.78969957081546,46.94847466248757,1.5406,2.0
Sample_A,72.8898426323319,40.95123200676401,1.5406,2.0
Sample_A,72.98998569384835,58.527871200004135,1.5406,2.0
Sample_A,73.09012875536482,73.97015025211914,1.5406,2.0
Sample_A,73.19027181688126,23.938402689656357,1.5406,2.0
Sample_A,73.29041487839771,63.20215457564674,1.5406,2.0
Sample_A,73.39055793991417,67.5875257590335,1.5406,2.0
Sample_A,73.49070100143062,73.96096372578444,1.5406,2.0
Sample_A,73.59084406294707,35.728117778218106,1.5406,2.0
Sample_A,73.69098712446353,20.25250881413331,1.5406,2.0
Sample_A,73.79113018597997,40.61033744508719,1.5406,2.0
Sample_A,73.89127324749643,63.41276633305068,1.5406,2.0
Sample_A,73.99141630901288,70.4324381342665,1.5406,2.0
Sample_A,74.09155937052932,55.0614208564391,1.5406,2.0
Sample_A,74.19170243204579,24.177289715187523,1.5406,2.0
Sample_A,74.29184549356223,33.18840895145965,1.5406,2.0
Sample_A,74.39198855507868,37.030103579383194,1.5406,2.0
Sample_A,74.49213161659515,51.297515856787754,1.5406,2.0
Sample_A,74.5922746781116,49.94317936465101,1.5406,2.0
Sample_A,74.69241773962804,51.79150182598292,1.5406,2.0
Sample_A,74.79256080114449,70.01580218511593,1.5406,2.0
Sample_A,74.89270386266095,67.31403126100976,1.5406,2.0
Sample_A,74.9928469241774,15.33850654754567,1.5406,2.0
Sample_A,75.09298998569385,30.896295494017654,1.5406,2.0
Sample_A,75.19313304721031,11.91874781082651,1.5406,2.0
Sample_A,75.29327610872676,49.38703771031109,1.5406,2.0
Sample_A,75.3934191702432,31.33099187751704,1.5406,2.0
Sample_A,75.49356223175965,44.67266520183724,1.5406,2.0
Sample_A,75.59370529327612,5.682507759339472,1.5406,2.0
Sample_A,75.69384835479256,55.425000005759706,1.5406,2.0
Sample_A,75.79399141630901,59.510573940777235,1.5406,2.0
Sample_A,75.89413447782547,71.83696896473857,1.5406,2.0
Sample_A,75.99427753934192,13.838738341985277,1.5406,2.0
Sample_A,76.09442060085837,31.050222863514605,1.5406,2.0
Sample_A,76.19456366237482,42.80979983545961,1.5406,2.0
Sample_A,76.29470672389128,41.40069053021717,1.5406,2.0
Sample_A,76.39484978540773,55.10962751694156,1.5406,2.0
Sample_A,76.49499284692418,37.024755764408766,1.5406,2.0
Sample_A,76.59513590844064,26.54384247678378,1.5406,2.0
Sample_A,76.69527896995709,57.37732403307572,1.5406,2.0
Sample_A,76.79542203147354,15.378182579742543,1.5406,2.0
Sample_A,76.89556509298998,50.30450038925639,1.5406,2.0
Sample_A,76.99570815450645,41.511663895330926,1.5406,2.0
Sample_A,77.0958512160229,60.76017576133793,1.5406,2.0
Sample_A,77.19599427753934,51.732655177133715,1.5406,2.0
Sample_A,77.2961373390558,54.788018024032624,1.5406,2.0
Sample_A,77.39628040057225,0.0,1.5406,2.0
Sample_A,77.4964234620887,67.7433806938389,1.5406,2.0
Sample_A,77.59656652360515,39.86070362353106,1.5406,2.0
Sample_A,77.69670958512161,69.0714394765347,1.5406,2.0
Sample_A,77.79685264663806,55.56353821501914,1.5406,2.0
Sample_A,77.8969957081545,82.03299730422107,1.5406,2.0
Sample_A,77.99713876967097,17.63020668769073,1.5406,2.0
Sample_A,78.09728183118742,52.31818412320659,1.5406,2.0
Sample_A,78.19742489270386,50.87829331658346,1.5406,2.0
Sample_A,78.29756795422031,55.304321907962326,1.5406,2.0
Sample_A,78.39771101573677,81.26487892841413,1.5406,2.0
Sample_A,78.49785407725322,53.2672596824694,1.5406,2.0
Sample_A,78.59799713876967,47.27659231593717,1.5406,2.0
Sample_A,78.69814020028613,32.44685017996082,1.5406,2.0
Sample_A,78.79828326180258,60.11679189315515,1.5406,2.0
Sample_A,78.89842632331903,61.43950432606513,1.5406,2.0
Sample_A,78.99856938483548,46.40997458516588,1.5406,2.0
Sample_A,79.09871244635194,43.86489211174892,1.5406,2.0
Sample_A,79.19885550786839,28.760909303352484,1.5406,2.0
Sample_A,79.29899856938484,64.68218764398115,1.5406,2.0
Sample_A,79.3991416309013,48.8703613416568,1.5406,2.0
Sample_A,79.49928469241775,82.06811924231005,1.5406,2.0
Sample_A,79.5994277539342,93.87574654669967,1.5406,2.0
Sample_A,79.69957081545064,64.35737402866893,1.5406,2.0
Sample_A,79.7997138769671,45.39012481054926,1.5406,2.0
Sample_A,79.89985693848355,14.654671232691612,1.5406,2.0
Sample_A,80.0,60.097485808479796,1.5406,2.0
Sample_B,10.0,21.955129351781437,1.5406,2.0
Sample_B,10.100143061516452,48.389266922272576,1.5406,2.0
Sample_B,10.200286123032905,54.04348199109768,1.5406,2.0
Sample_B,10.300429184549357,37.24683329430101,1.5406,2.0
Sample_B,10.400572246065808,78.6954565745217,1.5406,2.0
Sample_B,10.50071530758226,49.529398220048535,1.5406,2.0
Sample_B,10.600858369098713,44.298063392413226,1.5406,2.0
Sample_B,10.701001430615165,32.31174769665656,1.5406,2.0
Sample_B,10.801144492131616,15.720563336504497,1.5406,2.0
Sample_B,10.901287553648068,70.4568015276503,1.5406,2.0
Sample_B,11.001430615164521,79.90554762304617,1.5406,2.0
Sample_B,11.101573676680973,55.87889020558778,1.5406,2.0
Sample_B,11.201716738197424,55.28882156686871,1.5406,2.0
Sample_B,11.301859799713878,21.40167611044919,1.5406,2.0
Sample_B,11.40200286123033,43.02233939646871,1.5406,2.0
Sample_B,11.50214592274678,51.14480620934281,1.5406,2.0
Sample_B,11.602288984263232,66.83736271054465,1.5406,2.0
Sample_B,11.702432045779686,63.31825252311786,1.5406,2.0
Sample_B,11.802575107296137,48.02803426586223,1.5406,2.0
Sample_B,11.902718168812589,45.94770771268675,1.5406,2.0
Sample_B,12.002861230329042,38.728547984922784,1.5406,2.0
Sample_B,12.103004291845494,76.29021399615935,1.5406,2.0
Sample_B,12.203147353361945,41.338932630806774,1.5406,2.0
Sample_B,12.303290414878397,73.92834191910741,1.5406,2.0
Sample_B,12.40343347639485,54.22849363510779,1.5406,2.0
Sample_B,12.503576537911302,49.70276158749892,1.5406,2.0
Sample_B,12.603719599427754,6.406651268144387,1.5406,2.0
Sample_B,12.703862660944207,44.87379568578458,1.5406,2.0
Sample_B,12.804005722460658,17.845118719506658,1.5406,2.0
Sample_B,12.90414878397711,42.31234089624706,1.5406,2.0
Sample_B,13.004291845493562,45.76561332067993,1.5406,2.0
Sample_B,13.104434907010015,8.585597193052891,1.5406,2.0
Sample_B,13.204577968526467,75.87749276916884,1.5406,2.0
Sample_B,13.304721030042918,62.02870448472535,1.5406,2.0
Sample_B,13.404864091559372,12.438909228635367,1.5406,2.0
Sample_B,13.505007153075823,55.61288395534865,1.5406,2.0
Sample_B,13.605150214592275,28.8014916613905,1.5406,2.0
Sample_B,13.705293276108726,61.08349634587289,1.5406,2.0
Sample_B,13.80543633762518,41.65539204102131,1.5406,2.0
Sample_B,13.905579399141631,65.19225552600689,1.5406,2.0
Sample_B,14.005722460658083,60.07584970258475,1.5406,2.0
Sample_B,14.105865522174536,57.800313956712145,1.5406,2.0
Sample_B,14.206008583690988,44.27380348852489,1.5406,2.0
Sample_B,14.30615164520744,46.45322618152099,1.5406,2.0
Sample_B,14.406294706723891,34.676616916765205,1.5406,2.0
Sample_B,14.506437768240342,59.53205840651758,1.5406,2.0
Sample_B,14.606580829756796,64.18730960400855,1.5406,2.0
Sample_B,14.706723891273247,78.33966796351797,1.5406,2.0
Sample_B,14.8068669527897,25.391994031677577,1.5406,2.0
Sample_B,14.907010014306152,73.82506972464299,1.5406,2.0
Sample_B,15.007153075822604,51.419881637253525,1.5406,2.0
Sample_B,15.107296137339056,0.0,1.5406,2.0
Sample_B,15.207439198855507,79.47228205712305,1.5406,2.0
Sample_B,15.30758226037196,59.411966643828734,1.5406,2.0
Sample_B,15.407725321888412,73.73336969005335,1.5406,2.0
Sample_B,15.507868383404865,22.531847240406574,1.5406,2.0
Sample_B,15.608011444921317,70.52041564261594,1.5406,2.0
Sample_B,15.708154506437769,63.141799508992804,1.5406,2.0
Sample_B,15.80829756795422,51.2774907424955,1.5406,2.0
Sample_B,15.908440629470672,45.68440846895695,1.5406,2.0
Sample_B,16.008583690987123,35.12457968578816,1.5406,2.0
Sample_B,16.10872675250358,48.65051857675302,1.5406,2.0
Sample_B,16.20886981402003,97.90397030263273,1.5406,2.0
Sample_B,16.30901287553648,55.59272674920158,1.5406,2.0
Sample_B,16.409155937052933,44.417954117641514,1.5406,2.0
Sample_B,16.509298998569385,57.054461867086054,1.5406,2.0
Sample_B,16.609442060085836,72.87405109620309,1.5406,2.0
Sample_B,16.709585121602288,74.74400130360613,1.5406,2.0
Sample_B,16.809728183118743,65.96992295631291,1.5406,2.0
Sample_B,16.909871244635195,88.09668234637462,1.5406,2.0
Sample_B,17.010014306151646,78.73405514538923,1.5406,2.0
Sample_B,17.110157367668098,93.64542159191683,1.5406,2.0
Sample_B,17.21030042918455,26.72289340368576,1.5406,2.0
Sample_B,17.310443490701,30.791741539013874,1.5406,2.0
Sample_B,17.410586552217453,7.546582547948958,1.5406,2.0
Sample_B,17.510729613733908,25.843562527933486,1.5406,2.0
Sample_B,17.61087267525036,88.52336816164107,1.5406,2.0
Sample_B,17.71101573676681,11.245004989405736,1.5406,2.0
Sample_B,17.811158798283262,60.8945416499502,1.5406,2.0
Sample_B,17.911301859799714,17.10180275445981,1.5406,2.0
Sample_B,18.011444921316166,37.8701388347651,1.5406,2.0
Sample_B,18.111587982832617,38.76917413202374,1.5406,2.0
Sample_B,18.211731044349072,75.53929485488524,1.5406,2.0
Sample_B,18.31187410586552,41.807855961778955,1.5406,2.0
Sample_B,18.412017167381975,42.942226078312565,1.5406,2.0
Sample_B,18.512160228898427,76.73497905499471,1.5406,2.0
Sample_B,18.61230329041488,42.38779697546913,1.5406,2.0
Sample_B,18.71244635193133,53.072384676439185,1.5406,2.0
Sample_B,18.812589413447782,60.44335550103803,1.5406,2.0
Sample_B,18.912732474964237,41.82361132109287,1.5406,2.0
Sample_B,19.012875536480685,63.80837208428416,1.5406,2.0
Sample_B,19.11301859799714,35.27282333495998,1.5406,2.0
Sample_B,19.21316165951359,25.974138555262016,1.5406,2.0
Sample_B,19.313304721030043,55.84511819108945,1.5406,2.0
Sample_B,19.413447782546495,72.42937828281171,1.5406,2.0
Sample_B,19.513590844062946,74.56277234421405,1.5406,2.0
Sample_B,19.6137339055794,43.712674588551586,1.5406,2.0
Sample_B,19.71387696709585,29.116567266706443,1.5406,2.0
Sample_B,19.814020028612305,62.032789095427624,1.5406,2.0
Sample_B,19.914163090128756,61.15253927108358,1.5406,2.0
Sample_B,20.014306151645208,49.15510131695575,1.5406,2.0
Sample_B,20.11444921316166,26.43264044703512,1.5406,2.0
Sample_B,20.21459227467811,7.293307748838522,1.5406,2.0
Sample_B,20.314735336194566,48.75484475602231,1.5406,2.0
Sample_B,20.414878397711014,52.05974977150097,1.5406,2.0
Sample_B,20.51502145922747,54.214657131687915,1.5406,2.0
Sample_B,20.61516452074392,67.87391678561966,1.5406,2.0
Sample_B,20.715307582260372,62.29924508412722,1.5406,2.0
Sample_B,20.815450643776824,34.396169215007404,1.5406,2.0
Sample_B,20.915593705293276,51.16797703501465,1.5406,2.0
Sample_B,21.01573676680973,36.538281006840414,1.5406,2.0
Sample_B,21.11587982832618,87.213293489812,1.5406,2.0
Sample_B,21.216022889842634,53.979119515800015,1.5406,2.0
Sample_B,21.316165951359086,52.29609837485873,1.5406,2.0
Sample_B,21.416309012875537,23.338156469835848,1.5406,2.0
Sample_B,21.51645207439199,61.3644567490598,1.5406,2.0
Sample_B,21.61659513590844,17.830248328616463,1.5406,2.0
Sample_B,21.716738197424895,47.16705582570051,1.5406,2.0
Sample_B,21.816881258941343,63.90593343802762,1.5406,2.0
Sample_B,21.9170243204578,4.193110482684503,1.5406,2.0
Sample_B,22.01716738197425,54.758475308629976,1.5406,2.0
Sample_B,22.1173104434907,57.459684276136564,1.5406,2.0
Sample_B,22.217453505007153,58.07269250715093,1.5406,2.0
Sample_B,22.317596566523605,34.18304546446535,1.5406,2.0
Sample_B,22.41773962804006,22.9759919276678,1.5406,2.0
Sample_B,22.517882689556508,57.33483534954151,1.5406,2.0
Sample_B,22.618025751072963,61.760253797608186,1.5406,2.0
Sample_B,22.718168812589415,84.355633191849,1.5406,2.0
Sample_B,22.818311874105866,22.99559820267351,1.5406,2.0
Sample_B,22.918454935622318,44.12988622186197,1.5406,2.0
Sample_B,23.01859799713877,50.46204406922422,1.5406,2.0
Sample_B,23.118741058655225,37.37178615211672,1.5406,2.0
Sample_B,23.218884120171673,74.31819353600943,1.5406,2.0
Sample_B,23.319027181688128,58.44396344205657,1.5406,2.0
Sample_B,23.41917024320458,18.064501938894992,1.5406,2.0
Sample_B,23.51931330472103,56.01787468539745,1.5406,2.0
Sample_B,23.619456366237483,47.46015632930738,1.5406,2.0
Sample_B,23.719599427753934,31.61513219173991,1.5406,2.0
Sample_B,23.81974248927039,40.04191008250606,1.5406,2.0
Sample_B,23.919885550786837,67.60471683523008,1.5406,2.0
Sample_B,24.020028612303292,89.12730925929836,1.5406,2.0
Sample_B,24.120171673819744,95.15730199330713,1.5406,2.0
Sample_B,24.220314735336196,174.8572466256705,1.5406,2.0
Sample_B,24.320457796852647,235.98176949500984,1.5406,2.0
Sample_B,24.4206008583691,333.2899233379831,1.5406,2.0
Sample_B,24.520743919885554,462.93683892930335,1.5406,2.0
Sample_B,24.620886981402002,513.280677355262,1.5406,2.0
Sample_B,24.721030042918457,717.9874697580124,1.5406,2.0
Sample_B,24.82117310443491,811.55131109522,1.5406,2.0
Sample_B,24.92131616595136,976.1655531987252,1.5406,2.0
Sample_B,25.021459227467812,1067.4855977000548,1.5406,2.0
Sample_B,25.121602288984263,1174.15712044102,1.5406,2.0
Sample_B,25.22174535050072,1240.2725628942587,1.5406,2.0
Sample_B,25.321888412017167,1238.8010263443773,1.5406,2.0
Sample_B,25.42203147353362,1228.8576565507497,1.5406,2.0
Sample_B,25.522174535050073,1118.290621518941,1.5406,2.0
Sample_B,25.622317596566525,999.2665065162842,1.5406,2.0
Sample_B,25.722460658082976,872.610448320609,1.5406,2.0
Sample_B,25.822603719599428,720.7080839026182,1.5406,2.0
Sample_B,25.922746781115883,593.8831861274401,1.5406,2.0
Sample_B,26.02288984263233,481.5486277138422,1.5406,2.0
Sample_B,26.123032904148786,308.2579010968443,1.5406,2.0
Sample_B,26.223175965665238,275.15538150669863,1.5406,2.0
Sample_B,26.32331902718169,236.4659473525137,1.5406,2.0
Sample_B,26.42346208869814,142.91393575324776,1.5406,2.0
Sample_B,26.523605150214593,94.96754925652601,1.5406,2.0
Sample_B,26.623748211731044,75.96840491571139,1.5406,2.0
Sample_B,26.723891273247496,52.62499695478505,1.5406,2.0
Sample_B,26.82403433476395,76.66918588601112,1.5406,2.0
Sample_B,26.924177396280403,80.75873770512301,1.5406,2.0
Sample_B,27.024320457796854,81.78102131222431,1.5406,2.0
Sample_B,27.124463519313306,58.440486204429256,1.5406,2.0
Sample_B,27.224606580829757,59.64096740272822,1.5406,2.0
Sample_B,27.32474964234621,57.445988887931904,1.5406,2.0
Sample_B,27.42489270386266,37.51177901079418,1.5406,2.0
Sample_B,27.525035765379116,59.812956454199984,1.5406,2.0
Sample_B,27.625178826895567,35.139832365688335,1.5406,2.0
Sample_B,27.72532188841202,83.56596470498278,1.5406,2.0
Sample_B,27.82546494992847,96.6235610404629,1.5406,2.0
Sample_B,27.925608011444922,64.17320286164737,1.5406,2.0
Sample_B,28.025751072961373,38.1842995609539,1.5406,2.0
Sample_B,28.125894134477825,51.20941527227247,1.5406,2.0
Sample_B,28.22603719599428,43.154815498807835,1.5406,2.0
Sample_B,28.32618025751073,33.845001398553656,1.5406,2.0
Sample_B,28.426323319027183,24.120348571779246,1.5406,2.0
Sample_B,28.526466380543635,43.79933864372466,1.5406,2.0
Sample_B,28.626609442060087,63.98851190216425,1.5406,2.0
Sample_B,28.726752503576538,45.19723631525701,1.5406,2.0
Sample_B,28.82689556509299,33.49511856785848,1.5406,2.0
Sample_B,28.927038626609445,43.85869136648406,1.5406,2.0
Sample_B,29.027181688125896,80.02846667832907,1.5406,2.0
Sample_B,29.127324749642348,72.33671167176898,1.5406,2.0
Sample_B,29.2274678111588,32.703759485034055,1.5406,2.0
Sample_B,29.32761087267525,37.261853607019056,1.5406,2.0
Sample_B,29.427753934191703,72.27081347926963,1.5406,2.0
Sample_B,29.527896995708154,49.994031396186294,1.5406,2.0
Sample_B,29.62804005722461,48.748861576854274,1.5406,2.0
Sample_B,29.72818311874106,30.817761922664335,1.5406,2.0
Sample_B,29.828326180257513,53.53064026356483,1.5406,2.0
Sample_B,29.928469241773964,18.484531885510606,1.5406,2.0
Sample_B,30.028612303290416,73.48405840338441,1.5406,2.0
Sample_B,30.128755364806867,31.488885969838854,1.5406,2.0
Sample_B,30.22889842632332,53.75084618760719,1.5406,2.0
Sample_B,30.329041487839774,39.65622328335296,1.5406,2.0
Sample_B,30.429184549356226,40.12234206746583,1.5406,2.0
Sample_B,30.529327610872677,42.259439599054424,1.5406,2.0
Sample_B,30.62947067238913,73.13981312115837,1.5406,2.0
Sample_B,30.72961373390558,37.11142570029612,1.5406,2.0
Sample_B,30.829756795422032,45.71995052456161,1.5406,2.0
Sample_B,30.929899856938484,29.276959791460445,1.5406,2.0
Sample_B,31.03004291845494,65.60867533090001,1.5406,2.0
Sample_B,31.13018597997139,29.734825296102883,1.5406,2.0
Sample_B,31.230329041487842,38.36267166707508,1.5406,2.0
Sample_B,31.330472103004293,58.13544155452705,1.5406,2.0
Sample_B,31.430615164520745,86.94295590297718,1.5406,2.0
Sample_B,31.530758226037197,36.791497704733004,1.5406,2.0
Sample_B,31.630901287553648,10.991114489153631,1.5406,2.0
Sample_B,31.731044349070103,19.090216839390152,1.5406,2.0
Sample_B,31.831187410586555,37.32909093326031,1.5406,2.0
Sample_B,31.931330472103006,28.402152622094295,1.5406,2.0
Sample_B,32.03147353361946,50.98714420420965,1.5406,2.0
Sample_B,32.13161659513591,45.40528875660616,1.5406,2.0
Sample_B,32.23175965665236,14.321974589845766,1.5406,2.0
Sample_B,32.33190271816881,42.3120336135547,1.5406,2.0
Sample_B,32.43204577968527,63.73916712469878,1.5406,2.0
Sample_B,32.532188841201716,52.29374405912619,1.5406,2.0
Sample_B,32.63233190271817,68.86900934855535,1.5406,2.0
Sample_B,32.732474964234626,58.10262497877015,1.5406,2.0
Sample_B,32.832618025751074,61.36917884164666,1.5406,2.0
Sample_B,32.93276108726752,44.1725344270552,1.5406,2.0
Sample_B,33.03290414878398,44.95135138207389,1.5406,2.0
Sample_B,33.13304721030043,6.098427558118701,1.5406,2.0
Sample_B,33.23319027181688,72.15827455145191,1.5406,2.0
Sample_B,33.333333333333336,43.98061826177802,1.5406,2.0
Sample_B,33.43347639484979,49.69096413102387,1.5406,2.0
Sample_B,33.53361945636624,58.60637325610611,1.5406,2.0
Sample_B,33.63376251788269,84.85077349214066,1.5406,2.0
Sample_B,33.73390557939914,50.81936256759557,1.5406,2.0
Sample_B,33.8340486409156,37.69017867008959,1.5406,2.0
Sample_B,33.934191702432045,69.4183143994512,1.5406,2.0
Sample_B,34.0343347639485,72.09326743537889,1.5406,2.0
Sample_B,34.134477825464955,62.719682316621046,1.5406,2.0
Sample_B,34.2346208869814,77.35497791440604,1.5406,2.0
Sample_B,34.33476394849785,42.298564222864584,1.5406,2.0
Sample_B,34.43490701001431,39.93457982282814,1.5406,2.0
Sample_B,34.53505007153076,44.06469182453887,1.5406,2.0
Sample_B,34.63519313304721,72.53115268149003,1.5406,2.0
Sample_B,34.735336194563665,24.41744243844048,1.5406,2.0
Sample_B,34.83547925608012,69.62589167776171,1.5406,2.0
Sample_B,34.93562231759657,94.57328732318066,1.5406,2.0
Sample_B,35.035765379113016,82.27545586616107,1.5406,2.0
Sample_B,35.13590844062947,44.609772034359054,1.5406,2.0
Sample_B,35.236051502145926,37.89753059757179,1.5406,2.0
Sample_B,35.336194563662374,53.32679684347637,1.5406,2.0
Sample_B,35.43633762517883,77.53575521683754,1.5406,2.0
Sample_B,35.536480686695285,66.75458971102552,1.5406,2.0
Sample_B,35.63662374821173,52.788055979660406,1.5406,2.0
Sample_B,35.73676680972818,80.2680415312256,1.5406,2.0
Sample_B,35.836909871244636,41.74597540313704,1.5406,2.0
Sample_B,35.93705293276109,47.73305669644533,1.5406,2.0
Sample_B,36.03719599427754,46.74062968314132,1.5406,2.0
Sample_B,36.137339055793994,38.79755719592278,1.5406,2.0
Sample_B,36.23748211731045,58.527353878536005,1.5406,2.0
Sample_B,36.3376251788269,49.89278885768576,1.5406,2.0
Sample_B,36.437768240343345,57.6337720161064,1.5406,2.0
Sample_B,36.5379113018598,96.6972297685536,1.5406,2.0
Sample_B,36.638054363376256,110.23313061095656,1.5406,2.0
Sample_B,36.738197424892704,120.00738708624647,1.5406,2.0
Sample_B,36.83834048640916,157.5233388561035,1.5406,2.0
Sample_B,36.938483547925614,188.69418733197907,1.5406,2.0
Sample_B,37.03862660944206,254.62380983959125,1.5406,2.0
Sample_B,37.13876967095851,332.2238795678648,1.5406,2.0
Sample_B,37.238912732474965,372.91860383263395,1.5406,2.0
Sample_B,37.33905579399142,516.7450868381833,1.5406,2.0
Sample_B,37.43919885550787,615.4340815655737,1.5406,2.0
Sample_B,37.53934191702432,676.4863159238101,1.5406,2.0
Sample_B,37.63948497854078,727.167765469327,1.5406,2.0
Sample_B,37.73962804005723,756.8814065185439,1.5406,2.0
Sample_B,37.839771101573675,764.1698414265257,1.5406,2.0
Sample_B,37.93991416309013,713.9038425292408,1.5406,2.0
Sample_B,38.040057224606585,690.0320388131196,1.5406,2.0
Sample_B,38.14020028612303,572.5244982450145,1.5406,2.0
Sample_B,38.24034334763949,528.1107400089588,1.5406,2.0
Sample_B,38.34048640915594,425.6199690653038,1.5406,2.0
Sample_B,38.44062947067239,350.1760425831983,1.5406,2.0
Sample_B,38.54077253218884,290.78407850207435,1.5406,2.0
Sample_B,38.640915593705294,219.06138727120182,1.5406,2.0
Sample_B,38.74105865522175,128.24600623582114,1.5406,2.0
Sample_B,38.8412017167382,168.72386446464236,1.5406,2.0
Sample_B,38.94134477825465,107.98315773901649,1.5406,2.0
Sample_B,39.04148783977111,75.15938694576953,1.5406,2.0
Sample_B,39.141630901287556,75.91334743669779,1.5406,2.0
Sample_B,39.241773962804004,61.9212319300522,1.5406,2.0
Sample_B,39.34191702432046,52.12701270557476,1.5406,2.0
Sample_B,39.442060085836914,64.4464631540175,1.5406,2.0
Sample_B,39.54220314735336,38.36666792551222,1.5406,2.0
Sample_B,39.64234620886982,21.242209158310814,1.5406,2.0
Sample_B,39.74248927038627,43.62562045376225,1.5406,2.0
Sample_B,39.84263233190272,33.01640616505638,1.5406,2.0
Sample_B,39.94277539341917,22.73962666080603,1.5406,2.0
Sample_B,40.042918454935624,59.55594046283913,1.5406,2.0
Sample_B,40.14306151645208,53.1413816372331,1.5406,2.0
Sample_B,40.24320457796853,65.09931991611398,1.5406,2.0
Sample_B,40.34334763948498,65.7744511533622,1.5406,2.0
Sample_B,40.44349070100144,63.624686072597875,1.5406,2.0
Sample_B,40.543633762517885,64.43735908373961,1.5406,2.0
Sample_B,40.64377682403433,60.48720948933015,1.5406,2.0
Sample_B,40.74391988555079,91.85411294688315,1.5406,2.0
Sample_B,40.84406294706724,34.02254951154274,1.5406,2.0
Sample_B,40.94420600858369,51.41373813938949,1.5406,2.0
Sample_B,41.04434907010015,56.69911716946422,1.5406,2.0
Sample_B,41.1444921316166,45.38642885995398,1.5406,2.0
Sample_B,41.24463519313305,53.98816803295838,1.5406,2.0
Sample_B,41.3447782546495,55.025795111138756,1.5406,2.0
Sample_B,41.44492131616595,43.60679555699768,1.5406,2.0
Sample_B,41.54506437768241,71.20884658044687,1.5406,2.0
Sample_B,41.645207439198856,39.486341196255616,1.5406,2.0
Sample_B,41.74535050071531,55.680559140596344,1.5406,2.0
Sample_B,41.845493562231766,58.539503456135904,1.5406,2.0
Sample_B,41.945636623748214,47.60819394377024,1.5406,2.0
Sample_B,42.04577968526466,43.408029382540256,1.5406,2.0
Sample_B,42.14592274678112,13.907745740370345,1.5406,2.0
Sample_B,42.24606580829757,7.579258358972112,1.5406,2.0
Sample_B,42.34620886981402,43.85035955949482,1.5406,2.0
Sample_B,42.446351931330476,32.449043006401176,1.5406,2.0
Sample_B,42.546494992846924,29.836621632165247,1.5406,2.0
Sample_B,42.64663805436338,48.84259951000947,1.5406,2.0
Sample_B,42.74678111587983,68.14835913641903,1.5406,2.0
Sample_B,42.84692417739628,45.563079559412564,1.5406,2.0
Sample_B,42.94706723891274,16.084705239795824,1.5406,2.0
Sample_B,43.047210300429185,36.32916806306555,1.5406,2.0
Sample_B,43.14735336194564,86.35133247897119,1.5406,2.0
Sample_B,43.24749642346209,29.821788587847013,1.5406,2.0
Sample_B,43.347639484978544,49.34256444458878,1.5406,2.0
Sample_B,43.44778254649499,34.54448970585513,1.5406,2.0
Sample_B,43.54792560801145,49.00529097706902,1.5406,2.0
Sample_B,43.6480686695279,91.00896214859328,1.5406,2.0
Sample_B,43.74821173104435,63.20947315540984,1.5406,2.0
Sample_B,43.848354792560805,41.08421118222469,1.5406,2.0
Sample_B,43.94849785407725,49.17347424287573,1.5406,2.0
Sample_B,44.04864091559371,77.74939809617177,1.5406,2.0
Sample_B,44.148783977110156,41.50968698158564,1.5406,2.0
Sample_B,44.24892703862661,55.51281713942773,1.5406,2.0
Sample_B,44.34907010014307,70.42575001850628,1.5406,2.0
Sample_B,44.449213161659515,58.6914872772807,1.5406,2.0
Sample_B,44.54935622317597,40.75957861994746,1.5406,2.0
Sample_B,44.64949928469242,58.14744075055197,1.5406,2.0
Sample_B,44.74964234620887,49.22580715426555,1.5406,2.0
Sample_B,44.84978540772532,54.883993940131596,1.5406,2.0
Sample_B,44.949928469241776,63.44790818857963,1.5406,2.0
Sample_B,45.05007153075823,48.961503811250246,1.5406,2.0
Sample_B,45.15021459227468,37.53205001494848,1.5406,2.0
Sample_B,45.250357653791134,65.7812575105375,1.5406,2.0
Sample_B,45.35050071530758,58.98090890355496,1.5406,2.0
Sample_B,45.45064377682404,61.05583829340907,1.5406,2.0
Sample_B,45.550786838340485,49.85026820582186,1.5406,2.0
Sample_B,45.65092989985694,79.956253923173,1.5406,2.0
Sample_B,45.751072961373396,72.0829162477954,1.5406,2.0
Sample_B,45.851216022889844,45.263086029696666,1.5406,2.0
Sample_B,45.9513590844063,43.442748147184716,1.5406,2.0
Sample_B,46.05150214592275,68.03076618823303,1.5406,2.0
Sample_B,46.1516452074392,42.88618747765761,1.5406,2.0
Sample_B,46.25178826895565,66.45049807585525,1.5406,2.0
Sample_B,46.351931330472105,37.19395684621761,1.5406,2.0
Sample_B,46.45207439198856,45.95505529721423,1.5406,2.0
Sample_B,46.55221745350501,46.48407300792912,1.5406,2.0
Sample_B,46.65236051502146,28.464551478687387,1.5406,2.0
Sample_B,46.75250357653791,51.299984506432516,1.5406,2.0
Sample_B,46.85264663805437,73.49959182309468,1.5406,2.0
Sample_B,46.952789699570815,110.22101443454443,1.5406,2.0
Sample_B,47.05293276108727,49.547083410779685,1.5406,2.0
Sample_B,47.153075822603725,62.88227472094084,1.5406,2.0
Sample_B,47.25321888412017,89.57060412083165,1.5406,2.0
Sample_B,47.35336194563663,72.94232172724472,1.5406,2.0
Sample_B,47.453505007153076,140.1216242860521,1.5406,2.0
Sample_B,47.55364806866953,121.20316010282721,1.5406,2.0
Sample_B,47.65379113018598,173.44523800005052,1.5406,2.0
Sample_B,47.753934191702434,251.3493680870958,1.5406,2.0
Sample_B,47.85407725321889,249.89814110322666,1.5406,2.0
Sample_B,47.95422031473534,324.6003783624951,1.5406,2.0
Sample_B,48.05436337625179,387.24680055296164,1.5406,2.0
Sample_B,48.15450643776824,447.44262656662016,1.5406,2.0
Sample_B,48.254649499284696,486.1150862362012,1.5406,2.0
Sample_B,48.354792560801144,514.0153083577628,1.5406,2.0
Sample_B,48.4549356223176,506.385440662132,1.5406,2.0
Sample_B,48.555078683834054,540.7574886505219,1.5406,2.0
Sample_B,48.6552217453505,525.2438985204104,1.5406,2.0
Sample_B,48.75536480686696,491.0686079925874,1.5406,2.0
Sample_B,48.855507868383405,450.86546875782284,1.5406,2.0
Sample_B,48.95565092989986,385.24186026365277,1.5406,2.0
Sample_B,49.05579399141631,295.6828581211894,1.5406,2.0
Sample_B,49.155937052932764,220.72383105904015,1.5406,2.0
Sample_B,49.25608011444922,202.4101546231633,1.5406,2.0
Sample_B,49.35622317596567,160.18134777904172,1.5406,2.0
Sample_B,49.45636623748212,139.1303533439621,1.5406,2.0
Sample_B,49.55650929899857,127.57455718538901,1.5406,2.0
Sample_B,49.656652360515025,78.80937140263225,1.5406,2.0
Sample_B,49.75679542203147,61.66338615806783,1.5406,2.0
Sample_B,49.85693848354793,54.39112227059421,1.5406,2.0
Sample_B,49.95708154506438,77.37620611115649,1.5406,2.0
Sample_B,50.05722460658083,48.213613677763476,1.5406,2.0
Sample_B,50.15736766809729,45.79971464566781,1.5406,2.0
Sample_B,50.257510729613735,35.22750100653953,1.5406,2.0
Sample_B,50.35765379113019,9.715759330887096,1.5406,2.0
Sample_B,50.45779685264664,48.48937965882232,1.5406,2.0
Sample_B,50.55793991416309,73.45966397034736,1.5406,2.0
Sample_B,50.65808297567955,50.586806190214936,1.5406,2.0
Sample_B,50.758226037195996,35.56211273188143,1.5406,2.0
Sample_B,50.85836909871245,49.34120073463537,1.5406,2.0
Sample_B,50.9585121602289,40.518036296397014,1.5406,2.0
Sample_B,51.058655221745354,8.006860518920618,1.5406,2.0
Sample_B,51.1587982832618,15.35814589010684,1.5406,2.0
Sample_B,51.25894134477826,46.339156095282696,1.5406,2.0
Sample_B,51.35908440629471,71.81181560309092,1.5406,2.0
Sample_B,51.45922746781116,67.06406772025419,1.5406,2.0
Sample_B,51.559370529327616,56.672572934654816,1.5406,2.0
Sample_B,51.659513590844064,26.823540906637813,1.5406,2.0
Sample_B,51.75965665236052,26.13361359466832,1.5406,2.0
Sample_B,51.85979971387697,70.58047060135888,1.5406,2.0
Sample_B,51.95994277539342,39.61874575740769,1.5406,2.0
Sample_B,52.06008583690988,40.72709929798181,1.5406,2.0
Sample_B,52.160228898426325,58.212664911141886,1.5406,2.0
Sample_B,52.26037195994278,39.817620562850706,1.5406,2.0
Sample_B,52.36051502145923,47.839073412237745,1.5406,2.0
Sample_B,52.460658082975684,9.382299955618393,1.5406,2.0
Sample_B,52.56080114449213,79.09497477248897,1.5406,2.0
Sample_B,52.66094420600859,28.593145080255887,1.5406,2.0
Sample_B,52.76108726752504,35.97412168902605,1.5406,2.0
Sample_B,52.86123032904149,88.05509192681515,1.5406,2.0
Sample_B,52.961373390557945,63.376938257724554,1.5406,2.0
Sample_B,53.06151645207439,93.18547540255207,1.5406,2.0
Sample_B,53.16165951359085,66.2658930614157,1.5406,2.0
Sample_B,53.261802575107296,44.19786482289322,1.5406,2.0
Sample_B,53.36194563662375,62.29348049048068,1.5406,2.0
Sample_B,53.46208869814021,58.44888639092607,1.5406,2.0
Sample_B,53.562231759656655,70.65802264301406,1.5406,2.0
Sample_B,53.66237482117311,52.40840999812465,1.5406,2.0
Sample_B,53.76251788268956,63.4414752640839,1.5406,2.0
Sample_B,53.86266094420601,37.52381232461335,1.5406,2.0
Sample_B,53.96280400572246,74.57343312040268,1.5406,2.0
Sample_B,54.062947067238916,54.38759691795633,1.5406,2.0
Sample_B,54.16309012875537,44.23797014952663,1.5406,2.0
Sample_B,54.26323319027182,56.75371420183443,1.5406,2.0
Sample_B,54.363376251788274,50.79429000327407,1.5406,2.0
Sample_B,54.46351931330472,94.82643585023854,1.5406,2.0
Sample_B,54.56366237482118,46.691039663451846,1.5406,2.0
Sample_B,54.663805436337626,56.49178493201104,1.5406,2.0
Sample_B,54.76394849785408,11.302557333827828,1.5406,2.0
Sample_B,54.864091559370536,51.84275996527157,1.5406,2.0
Sample_B,54.964234620886984,32.73640989354379,1.5406,2.0
Sample_B,55.06437768240344,37.00089219625353,1.5406,2.0
Sample_B,55.16452074391989,66.42087300500557,1.5406,2.0
Sample_B,55.26466380543634,23.32374217647701,1.5406,2.0
Sample_B,55.36480686695279,75.17531513140179,1.5406,2.0
Sample_B,55.464949928469245,73.84207337190591,1.5406,2.0
Sample_B,55.56509298998569,51.80738949626901,1.5406,2.0
Sample_B,55.66523605150215,68.66870564139907,1.5406,2.0
Sample_B,55.765379113018604,39.31069564380718,1.5406,2.0
Sample_B,55.86552217453505,98.20188528024323,1.5406,2.0
Sample_B,55.96566523605151,38.09525330434421,1.5406,2.0
Sample_B,56.065808297567955,79.08640024006385,1.5406,2.0
Sample_B,56.16595135908441,65.3384589384728,1.5406,2.0
Sample_B,56.26609442060086,68.82524947131957,1.5406,2.0
Sample_B,56.36623748211731,32.882182637143785,1.5406,2.0
Sample_B,56.46638054363377,72.5121188759193,1.5406,2.0
Sample_B,56.566523605150216,58.61824618224312,1.5406,2.0
Sample_B,56.66666666666667,57.227110729424545,1.5406,2.0
Sample_B,56.76680972818312,53.68699046917776,1.5406,2.0
Sample_B,56.866952789699575,53.86425233833717,1.5406,2.0
Sample_B,56.96709585121602,54.42464865512879,1.5406,2.0
Sample_B,57.06723891273248,48.25856592941172,1.5406,2.0
Sample_B,57.16738197424893,53.804886734233804,1.5406,2.0
Sample_B,57.26752503576538,45.774455878405576,1.5406,2.0
Sample_B,57.367668097281836,8.581821823347283,1.5406,2.0
Sample_B,57.467811158798284,53.38122744422931,1.5406,2.0
Sample_B,57.56795422031474,59.84136225317764,1.5406,2.0
Sample_B,57.66809728183119,56.25685219909164,1.5406,2.0
Sample_B,57.76824034334764,27.486286069379542,1.5406,2.0
Sample_B,57.8683834048641,57.41757182977839,1.5406,2.0
Sample_B,57.968526466380546,63.26042133897041,1.5406,2.0
Sample_B,58.068669527897,79.64186042770933,1.5406,2.0
Sample_B,58.16881258941345,43.71867385607898,1.5406,2.0
Sample_B,58.268955650929904,39.660778005835475,1.5406,2.0
Sample_B,58.36909871244635,21.991002452843013,1.5406,2.0
Sample_B,58.46924177396281,30.911680478729636,1.5406,2.0
Sample_B,58.56938483547926,83.32815722203765,1.5406,2.0
Sample_B,58.66952789699571,43.392229021925885,1.5406,2.0
Sample_B,58.769670958512165,25.693799165181318,1.5406,2.0
Sample_B,58.86981402002861,70.58719858473061,1.5406,2.0
Sample_B,58.96995708154507,37.45014037780894,1.5406,2.0
Sample_B,59.07010014306152,20.0413292534523,1.5406,2.0
Sample_B,59.17024320457797,31.714904643600406,1.5406,2.0
Sample_B,59.27038626609443,76.72939848084698,1.5406,2.0
Sample_B,59.370529327610875,40.79924721971398,1.5406,2.0
Sample_B,59.47067238912733,53.67833114762455,1.5406,2.0
Sample_B,59.57081545064378,54.63176384249726,1.5406,2.0
Sample_B,59.67095851216023,74.10788158995534,1.5406,2.0
Sample_B,59.77110157367668,63.42940553328538,1.5406,2.0
Sample_B,59.871244635193136,73.16686894401857,1.5406,2.0
Sample_B,59.97138769670959,20.325464044481436,1.5406,2.0
Sample_B,60.07153075822604,79.83467216567603,1.5406,2.0
Sample_B,60.171673819742495,74.06953987376258,1.5406,2.0
Sample_B,60.27181688125894,74.22463500716393,1.5406,2.0
Sample_B,60.3719599427754,38.926904688235425,1.5406,2.0
Sample_B,60.472103004291846,48.33173523982106,1.5406,2.0
Sample_B,60.5722460658083,52.74318002782009,1.5406,2.0
Sample_B,60.672389127324756,28.80564120690886,1.5406,2.0
Sample_B,60.772532188841204,25.100940774818724,1.5406,2.0
Sample_B,60.87267525035766,8.734612674460031,1.5406,2.0
Sample_B,60.97281831187411,37.14235131064105,1.5406,2.0
Sample_B,61.07296137339056,98.75004546057349,1.5406,2.0
Sample_B,61.17310443490701,14.486656244895649,1.5406,2.0
Sample_B,61.273247496423465,86.36256410725152,1.5406,2.0
Sample_B,61.37339055793992,63.891473201635556,1.5406,2.0
Sample_B,61.47353361945637,11.31726434546102,1.5406,2.0
Sample_B,61.573676680972824,69.42721374973388,1.5406,2.0
Sample_B,61.67381974248927,46.56950508638152,1.5406,2.0
Sample_B,61.77396280400573,24.21186670906197,1.5406,2.0
Sample_B,61.874105865522175,80.15402222268018,1.5406,2.0
Sample_B,61.97424892703863,27.612026121700115,1.5406,2.0
Sample_B,62.074391988555085,35.67411061491139,1.5406,2.0
Sample_B,62.17453505007153,53.00683096437126,1.5406,2.0
Sample_B,62.27467811158799,72.2241578584823,1.5406,2.0
Sample_B,62.374821173104436,85.71819845472433,1.5406,2.0
Sample_B,62.47496423462089,50.17003354550948,1.5406,2.0
Sample_B,62.57510729613734,60.98573978860436,1.5406,2.0
Sample_B,62.675250357653795,42.584276132754006,1.5406,2.0
Sample_B,62.77539341917025,19.457361400729223,1.5406,2.0
Sample_B,62.8755364806867,52.10609116461744,1.5406,2.0
Sample_B,62.97567954220315,44.67262953457545,1.5406,2.0
Sample_B,63.0758226037196,39.100241146418284,1.5406,2.0
Sample_B,63.175965665236056,61.07884867816187,1.5406,2.0
Sample_B,63.276108726752504,35.37742606504686,1.5406,2.0
Sample_B,63.37625178826896,29.98298116445739,1.5406,2.0
Sample_B,63.476394849785414,38.43143513004699,1.5406,2.0
Sample_B,63.57653791130186,10.479217054063682,1.5406,2.0
Sample_B,63.67668097281832,55.263196702415655,1.5406,2.0
Sample_B,63.776824034334766,72.59656187452373,1.5406,2.0
Sample_B,63.87696709585122,35.71698640191836,1.5406,2.0
Sample_B,63.97711015736767,49.9443190922667,1.5406,2.0
Sample_B,64.07725321888412,93.34015975906583,1.5406,2.0
Sample_B,64.17739628040059,54.51982842380123,1.5406,2.0
Sample_B,64.27753934191702,41.324878083020295,1.5406,2.0
Sample_B,64.37768240343348,47.67669345447293,1.5406,2.0
Sample_B,64.47782546494993,66.30503574777185,1.5406,2.0
Sample_B,64.57796852646638,74.39567673988847,1.5406,2.0
Sample_B,64.67811158798284,43.8504731850269,1.5406,2.0
Sample_B,64.77825464949929,28.887383402591155,1.5406,2.0
Sample_B,64.87839771101574,0.0,1.5406,2.0
Sample_B,64.9785407725322,39.711545593384486,1.5406,2.0
Sample_B,65.07868383404865,32.03436169238956,1.5406,2.0
Sample_B,65.1788268955651,22.413091102384893,1.5406,2.0
Sample_B,65.27896995708156,63.65902156103581,1.5406,2.0
Sample_B,65.37911301859799,52.26068669551335,1.5406,2.0
Sample_B,65.47925608011445,50.27650215404132,1.5406,2.0
Sample_B,65.57939914163092,41.22363441551532,1.5406,2.0
Sample_B,65.67954220314735,87.088437749614,1.5406,2.0
Sample_B,65.77968526466381,66.10579027483129,1.5406,2.0
Sample_B,65.87982832618026,28.446163986129594,1.5406,2.0
Sample_B,65.97997138769671,68.94552539880345,1.5406,2.0
Sample_B,66.08011444921317,27.616418717231255,1.5406,2.0
Sample_B,66.18025751072962,43.67984145807806,1.5406,2.0
Sample_B,66.28040057224607,49.73003258020756,1.5406,2.0
Sample_B,66.38054363376253,18.772993387478163,1.5406,2.0
Sample_B,66.48068669527898,26.4817917424582,1.5406,2.0
Sample_B,66.58082975679542,78.46382872774743,1.5406,2.0
Sample_B,66.68097281831189,58.725940780884535,1.5406,2.0
Sample_B,66.78111587982832,72.29354384070865,1.5406,2.0
Sample_B,66.88125894134478,29.551971539435286,1.5406,2.0
Sample_B,66.98140200286124,20.41234642523864,1.5406,2.0
Sample_B,67.08154506437768,32.760166049580235,1.5406,2.0
Sample_B,67.18168812589414,88.71207495891306,1.5406,2.0
Sample_B,67.28183118741059,63.476522428809815,1.5406,2.0
Sample_B,67.38197424892704,81.91532487134833,1.5406,2.0
Sample_B,67.4821173104435,31.325430070212636,1.5406,2.0
Sample_B,67.58226037195995,17.608490910118768,1.5406,2.0
Sample_B,67.6824034334764,45.737698407322014,1.5406,2.0
Sample_B,67.78254649499286,65.21649547791566,1.5406,2.0
Sample_B,67.8826895565093,14.673499394398107,1.5406,2.0
Sample_B,67.98283261802575,23.802345829070113,1.5406,2.0
Sample_B,68.08297567954222,9.76549594950069,1.5406,2.0
Sample_B,68.18311874105865,76.33241786881051,1.5406,2.0
Sample_B,68.28326180257511,47.577710349866365,1.5406,2.0
Sample_B,68.38340486409156,46.23590381291137,1.5406,2.0
Sample_B,68.48354792560801,24.496596420474784,1.5406,2.0
Sample_B,68.58369098712447,59.40862997610191,1.5406,2.0
Sample_B,68.68383404864092,81.76581600205132,1.5406,2.0
Sample_B,68.78397711015737,36.17352801363951,1.5406,2.0
Sample_B,68.88412017167383,48.95569533796634,1.5406,2.0
Sample_B,68.98426323319028,67.11310641861417,1.5406,2.0
Sample_B,69.08440629470672,74.81177371951736,1.5406,2.0
Sample_B,69.18454935622319,60.96473355491027,1.5406,2.0
Sample_B,69.28469241773963,74.03795303625667,1.5406,2.0
Sample_B,69.38483547925608,62.58703910068188,1.5406,2.0
Sample_B,69.48497854077254,65.00277453331518,1.5406,2.0
Sample_B,69.58512160228898,38.5171358170021,1.5406,2.0
Sample_B,69.68526466380544,91.32180284061795,1.5406,2.0
Sample_B,69.78540772532189,74.71176907112586,1.5406,2.0
Sample_B,69.88555078683834,47.61297935674018,1.5406,2.0
Sample_B,69.9856938483548,46.66007106165108,1.5406,2.0
Sample_B,70.08583690987125,8.235266749876892,1.5406,2.0
Sample_B,70.1859799713877,77.40358494223813,1.5406,2.0
Sample_B,70.28612303290416,73.77380800641264,1.5406,2.0
Sample_B,70.3862660944206,19.136572972695838,1.5406,2.0
Sample_B,70.48640915593705,14.28653504410886,1.5406,2.0
Sample_B,70.58655221745352,59.35209225158789,1.5406,2.0
Sample_B,70.68669527896996,69.24023058020538,1.5406,2.0
Sample_B,70.78683834048641,43.35397419856319,1.5406,2.0
Sample_B,70.88698140200287,35.70952429121206,1.5406,2.0
Sample_B,70.98712446351931,66.84920773708865,1.5406,2.0
Sample_B,71.08726752503577,35.79262606332149,1.5406,2.0
Sample_B,71.18741058655222,54.43691564314203,1.5406,2.0
Sample_B,71.28755364806867,64.58273108835273,1.5406,2.0
Sample_B,71.38769670958513,45.10885563602524,1.5406,2.0
Sample_B,71.48783977110158,31.8361532081525,1.5406,2.0
Sample_B,71.58798283261802,49.06609338961215,1.5406,2.0
Sample_B,71.68812589413449,53.79323380482186,1.5406,2.0
Sample_B,71.78826895565093,46.162192709568835,1.5406,2.0
Sample_B,71.88841201716738,94.69562159077131,1.5406,2.0
Sample_B,71.98855507868385,84.1773673535062,1.5406,2.0
Sample_B,72.0886981402003,40.82421515312574,1.5406,2.0
Sample_B,72.18884120171674,51.7946961045506,1.5406,2.0
Sample_B,72.2889842632332,40.227017628655425,1.5406,2.0
Sample_B,72.38912732474964,14.255590689393344,1.5406,2.0
Sample_B,72.4892703862661,49.357958682406476,1.5406,2.0
Sample_B,72.58941344778255,35.42859117531239,1.5406,2.0
Sample_B,72.689556509299,42.46643567440789,1.5406,2.0
Sample_B,72.78969957081546,56.049558661631494,1.5406,2.0
Sample_B,72.8898426323319,79.5181257382222,1.5406,2.0
Sample_B,72.98998569384835,62.09986344148261,1.5406,2.0
Sample_B,73.09012875536482,42.35437737884463,1.5406,2.0
Sample_B,73.19027181688126,75.53519005797781,1.5406,2.0
Sample_B,73.29041487839771,55.22125278468722,1.5406,2.0
Sample_B,73.39055793991417,23.806798709027706,1.5406,2.0
Sample_B,73.49070100143062,25.70293937224628,1.5406,2.0
Sample_B,73.59084406294707,30.520571270550636,1.5406,2.0
Sample_B,73.69098712446353,30.003079971122347,1.5406,2.0
Sample_B,73.79113018597997,54.15442862737359,1.5406,2.0
Sample_B,73.89127324749643,37.03988430548852,1.5406,2.0
Sample_B,73.99141630901288,58.38709701632273,1.5406,2.0
Sample_B,74.09155937052932,51.02844339847354,1.5406,2.0
Sample_B,74.19170243204579,22.94563041972378,1.5406,2.0
Sample_B,74.29184549356223,80.30115278717534,1.5406,2.0
Sample_B,74.39198855507868,79.00584467604662,1.5406,2.0
Sample_B,74.49213161659515,54.47181944749587,1.5406,2.0
Sample_B,74.5922746781116,24.712880607458303,1.5406,2.0
Sample_B,74.69241773962804,62.761601328237816,1.5406,2.0
Sample_B,74.79256080114449,50.67304883405574,1.5406,2.0
Sample_B,74.89270386266095,30.64835237038062,1.5406,2.0
Sample_B,74.9928469241774,43.767576092864545,1.5406,2.0
Sample_B,75.09298998569385,32.94567189580739,1.5406,2.0
Sample_B,75.19313304721031,59.55769834484286,1.5406,2.0
Sample_B,75.29327610872676,44.54705648877172,1.5406,2.0
Sample_B,75.3934191702432,13.800204714101795,1.5406,2.0
Sample_B,75.49356223175965,18.980254553174447,1.5406,2.0
Sample_B,75.59370529327612,37.85462373117764,1.5406,2.0
Sample_B,75.69384835479256,4.135491840319986,1.5406,2.0
Sample_B,75.79399141630901,43.7279540291688,1.5406,2.0
Sample_B,75.89413447782547,57.35802855025743,1.5406,2.0
Sample_B,75.99427753934192,18.84365020588223,1.5406,2.0
Sample_B,76.09442060085837,23.71008506685893,1.5406,2.0
Sample_B,76.19456366237482,32.48856641448144,1.5406,2.0
Sample_B,76.29470672389128,54.646594103591006,1.5406,2.0
Sample_B,76.39484978540773,55.428225730169764,1.5406,2.0
Sample_B,76.49499284692418,65.83648329812694,1.5406,2.0
Sample_B,76.59513590844064,9.230638142846331,1.5406,2.0
Sample_B,76.69527896995709,56.25852282872543,1.5406,2.0
Sample_B,76.79542203147354,66.63012534094968,1.5406,2.0
Sample_B,76.89556509298998,4.361482068553322,1.5406,2.0
Sample_B,76.99570815450645,79.1804087028786,1.5406,2.0
Sample_B,77.0958512160229,48.48178001947674,1.5406,2.0
Sample_B,77.19599427753934,47.81986667400286,1.5406,2.0
Sample_B,77.2961373390558,81.79717666852349,1.5406,2.0
Sample_B,77.39628040057225,53.79235162274961,1.5406,2.0
Sample_B,77.4964234620887,78.95272978670425,1.5406,2.0
Sample_B,77.59656652360515,62.007416643674176,1.5406,2.0
Sample_B,77.69670958512161,57.99374228455591,1.5406,2.0
Sample_B,77.79685264663806,73.09673014713853,1.5406,2.0
Sample_B,77.8969957081545,41.53690265757136,1.5406,2.0
Sample_B,77.99713876967097,72.14519529446645,1.5406,2.0
Sample_B,78.09728183118742,31.299790756200654,1.5406,2.0
Sample_B,78.19742489270386,84.63868936463328,1.5406,2.0
Sample_B,78.29756795422031,62.84138417697656,1.5406,2.0
Sample_B,78.39771101573677,64.87814668805993,1.5406,2.0
Sample_B,78.49785407725322,32.65596400638283,1.5406,2.0
Sample_B,78.59799713876967,71.55381013897996,1.5406,2.0
Sample_B,78.69814020028613,44.827706010806644,1.5406,2.0
Sample_B,78.79828326180258,43.004217141630406,1.5406,2.0
Sample_B,78.89842632331903,53.51424925793218,1.5406,2.0
Sample_B,78.99856938483548,63.513256194387345,1.5406,2.0
Sample_B,79.09871244635194,20.60806206404862,1.5406,2.0
Sample_B,79.19885550786839,87.32337518328643,1.5406,2.0
Sample_B,79.29899856938484,47.334006881424116,1.5406,2.0
Sample_B,79.3991416309013,61.044447038954495,1.5406,2.0
Sample_B,79.49928469241775,73.40910643494423,1.5406,2.0
Sample_B,79.5994277539342,74.78762610269808,1.5406,2.0
Sample_B,79.69957081545064,52.61522607069339,1.5406,2.0
Sample_B,79.7997138769671,68.26537804071933,1.5406,2.0
Sample_B,79.89985693848355,102.8513708958431,1.5406,2.0
Sample_B,80.0,58.28343075635348,1.5406,2.0
Sample_C,10.0,40.802436364445896,1.5406,2.0
Sample_C,10.100143061516452,83.48361119470081,1.5406,2.0
Sample_C,10.200286123032905,19.747553635106616,1.5406,2.0
Sample_C,10.300429184549357,58.29691666648126,1.5406,2.0
Sample_C,10.400572246065808,42.74149208467972,1.5406,2.0
Sample_C,10.50071530758226,32.57136442549793,1.5406,2.0
Sample_C,10.600858369098713,40.72380135558267,1.5406,2.0
Sample_C,10.701001430615165,54.20930238419688,1.5406,2.0
Sample_C,10.801144492131616,71.9584919154012,1.5406,2.0
Sample_C,10.901287553648068,56.82432380902383,1.5406,2.0
Sample_C,11.001430615164521,40.94415605945111,1.5406,2.0
Sample_C,11.101573676680973,50.854120465084875,1.5406,2.0
Sample_C,11.201716738197424,70.59585745843165,1.5406,2.0
Sample_C,11.301859799713878,59.34547681400508,1.5406,2.0
Sample_C,11.40200286123033,32.09883680936453,1.5406,2.0
Sample_C,11.50214592274678,31.0993735820716,1.5406,2.0
Sample_C,11.602288984263232,35.00765327364548,1.5406,2.0
Sample_C,11.702432045779686,71.88912404563989,1.5406,2.0
Sample_C,11.802575107296137,53.02979098638574,1.5406,2.0
Sample_C,11.902718168812589,45.81365396037337,1.5406,2.0
Sample_C,12.002861230329042,58.89784430344477,1.5406,2.0
Sample_C,12.103004291845494,32.30217512849248,1.5406,2.0
Sample_C,12.203147353361945,53.14076024210735,1.5406,2.0
Sample_C,12.303290414878397,39.3816232989073,1.5406,2.0
Sample_C,12.40343347639485,54.930466142313236,1.5406,2.0
Sample_C,12.503576537911302,42.0064303410934,1.5406,2.0
Sample_C,12.603719599427754,54.39737886579575,1.5406,2.0
Sample_C,12.703862660944207,28.651824816368183,1.5406,2.0
Sample_C,12.804005722460658,66.41989981279642,1.5406,2.0
Sample_C,12.90414878397711,54.27900275776896,1.5406,2.0
Sample_C,13.004291845493562,39.226967918829246,1.5406,2.0
Sample_C,13.104434907010015,51.65623598190599,1.5406,2.0
Sample_C,13.204577968526467,74.7118231188106,1.5406,2.0
Sample_C,13.304721030042918,24.780536161833382,1.5406,2.0
Sample_C,13.404864091559372,33.65876569368507,1.5406,2.0
Sample_C,13.505007153075823,55.23013678292732,1.5406,2.0
Sample_C,13.605150214592275,18.709702977824776,1.5406,2.0
Sample_C,13.705293276108726,48.08372069925211,1.5406,2.0
Sample_C,13.80543633762518,67.94595917397153,1.5406,2.0
Sample_C,13.905579399141631,56.59050227255586,1.5406,2.0
Sample_C,14.005722460658083,59.35207249286522,1.5406,2.0
Sample_C,14.105865522174536,46.33743458865101,1.5406,2.0
Sample_C,14.206008583690988,18.50460252808628,1.5406,2.0
Sample_C,14.30615164520744,39.93181797924696,1.5406,2.0
Sample_C,14.406294706723891,60.34444607828577,1.5406,2.0
Sample_C,14.506437768240342,32.315565143651966,1.5406,2.0
Sample_C,14.606580829756796,22.356119554708084,1.5406,2.0
Sample_C,14.706723891273247,53.034591857410675,1.5406,2.0
Sample_C,14.8068669527897,26.659732008071057,1.5406,2.0
Sample_C,14.907010014306152,52.10050431793239,1.5406,2.0
Sample_C,15.007153075822604,79.3928481149775,1.5406,2.0
Sample_C,15.107296137339056,51.97482922713799,1.5406,2.0
Sample_C,15.207439198855507,50.72710103384815,1.5406,2.0
Sample_C,15.30758226037196,68.09271022196172,1.5406,2.0
Sample_C,15.407725321888412,50.158998687838206,1.5406,2.0
Sample_C,15.507868383404865,57.44047330963605,1.5406,2.0
Sample_C,15.608011444921317,45.53549131330461,1.5406,2.0
Sample_C,15.708154506437769,45.07416412096591,1.5406,2.0
Sample_C,15.80829756795422,36.79032873760523,1.5406,2.0
Sample_C,15.908440629470672,87.77710577245634,1.5406,2.0
Sample_C,16.008583690987123,34.087336839696235,1.5406,2.0
Sample_C,16.10872675250358,41.67675621782358,1.5406,2.0
Sample_C,16.20886981402003,44.92721908726622,1.5406,2.0
Sample_C,16.30901287553648,63.928513831502684,1.5406,2.0
Sample_C,16.409155937052933,52.228951334480165,1.5406,2.0
Sample_C,16.509298998569385,33.90014724473491,1.5406,2.0
Sample_C,16.609442060085836,52.28081226398255,1.5406,2.0
Sample_C,16.709585121602288,74.4281831294943,1.5406,2.0
Sample_C,16.809728183118743,44.16734845328,1.5406,2.0
Sample_C,16.909871244635195,59.073433403476535,1.5406,2.0
Sample_C,17.010014306151646,44.286221595076,1.5406,2.0
Sample_C,17.110157367668098,72.99545384177405,1.5406,2.0
Sample_C,17.21030042918455,66.70055190478946,1.5406,2.0
Sample_C,17.310443490701,52.4064196072713,1.5406,2.0
Sample_C,17.410586552217453,39.69065429435028,1.5406,2.0
Sample_C,17.510729613733908,41.47661832862734,1.5406,2.0
Sample_C,17.61087267525036,50.20369791635857,1.5406,2.0
Sample_C,17.71101573676681,70.90679035516922,1.5406,2.0
Sample_C,17.811158798283262,59.732007293024054,1.5406,2.0
Sample_C,17.911301859799714,82.38704085744982,1.5406,2.0
Sample_C,18.011444921316166,64.73624998598285,1.5406,2.0
Sample_C,18.111587982832617,36.69604450324239,1.5406,2.0
Sample_C,18.211731044349072,51.88702205079868,1.5406,2.0
Sample_C,18.31187410586552,30.025430016734123,1.5406,2.0
Sample_C,18.412017167381975,63.24588618726419,1.5406,2.0
Sample_C,18.512160228898427,82.25555071158784,1.5406,2.0
Sample_C,18.61230329041488,56.53460743037459,1.5406,2.0
Sample_C,18.71244635193133,35.14837376542022,1.5406,2.0
Sample_C,18.812589413447782,78.52749829379532,1.5406,2.0
Sample_C,18.912732474964237,56.353060527651124,1.5406,2.0
Sample_C,19.012875536480685,57.4486181709087,1.5406,2.0
Sample_C,19.11301859799714,48.60036185385391,1.5406,2.0
Sample_C,19.21316165951359,65.10267810601867,1.5406,2.0
Sample_C,19.313304721030043,77.39662954030403,1.5406,2.0
Sample_C,19.413447782546495,83.55036937615378,1.5406,2.0
Sample_C,19.513590844062946,62.90658504583193,1.5406,2.0
Sample_C,19.6137339055794,30.509341678121796,1.5406,2.0
Sample_C,19.71387696709585,11.63529886871806,1.5406,2.0
Sample_C,19.814020028612305,50.568666267380074,1.5406,2.0
Sample_C,19.914163090128756,54.29181988886401,1.5406,2.0
Sample_C,20.014306151645208,67.30767704146301,1.5406,2.0
Sample_C,20.11444921316166,52.837094175123646,1.5406,2.0
Sample_C,20.21459227467811,56.43690639125525,1.5406,2.0
Sample_C,20.314735336194566,46.07295680511157,1.5406,2.0
Sample_C,20.414878397711014,27.572770212321444,1.5406,2.0
Sample_C,20.51502145922747,45.12245435809284,1.5406,2.0
Sample_C,20.61516452074392,53.06839087669455,1.5406,2.0
Sample_C,20.715307582260372,61.21579615582628,1.5406,2.0
Sample_C,20.815450643776824,85.38022800085994,1.5406,2.0
Sample_C,20.915593705293276,59.4146389739976,1.5406,2.0
Sample_C,21.01573676680973,52.76966334104039,1.5406,2.0
Sample_C,21.11587982832618,44.95864677279292,1.5406,2.0
Sample_C,21.216022889842634,30.138847122418685,1.5406,2.0
Sample_C,21.316165951359086,14.174969340328197,1.5406,2.0
Sample_C,21.416309012875537,76.45318567258103,1.5406,2.0
Sample_C,21.51645207439199,60.13232461773708,1.5406,2.0
Sample_C,21.61659513590844,57.11278852541492,1.5406,2.0
Sample_C,21.716738197424895,32.0187582607994,1.5406,2.0
Sample_C,21.816881258941343,66.45227164104857,1.5406,2.0
Sample_C,21.9170243204578,39.28257368504303,1.5406,2.0
Sample_C,22.01716738197425,55.63791330628162,1.5406,2.0
Sample_C,22.1173104434907,19.337606693012415,1.5406,2.0
Sample_C,22.217453505007153,91.40120038920941,1.5406,2.0
Sample_C,22.317596566523605,30.77117053994292,1.5406,2.0
Sample_C,22.41773962804006,39.25786498031053,1.5406,2.0
Sample_C,22.517882689556508,74.02009274019247,1.5406,2.0
Sample_C,22.618025751072963,50.742444878643184,1.5406,2.0
Sample_C,22.718168812589415,27.945160170984103,1.5406,2.0
Sample_C,22.818311874105866,45.843122911447246,1.5406,2.0
Sample_C,22.918454935622318,58.92282258237374,1.5406,2.0
Sample_C,23.01859799713877,76.76133884713659,1.5406,2.0
Sample_C,23.118741058655225,49.08196915209533,1.5406,2.0
Sample_C,23.218884120171673,10.768132180625287,1.5406,2.0
Sample_C,23.319027181688128,41.638884755274425,1.5406,2.0
Sample_C,23.41917024320458,66.00212539914419,1.5406,2.0
Sample_C,23.51931330472103,46.118083645637014,1.5406,2.0
Sample_C,23.619456366237483,77.26381383672181,1.5406,2.0
Sample_C,23.719599427753934,42.03539642273982,1.5406,2.0
Sample_C,23.81974248927039,49.300667279440304,1.5406,2.0
Sample_C,23.919885550786837,16.849014409803573,1.5406,2.0
Sample_C,24.020028612303292,82.2419563772927,1.5406,2.0
Sample_C,24.120171673819744,55.446956546942474,1.5406,2.0
Sample_C,24.220314735336196,65.61053579566534,1.5406,2.0
Sample_C,24.320457796852647,75.91882425696349,1.5406,2.0
Sample_C,24.4206008583691,120.99333666910155,1.5406,2.0
Sample_C,24.520743919885554,32.04606781690357,1.5406,2.0
Sample_C,24.620886981402002,66.64156347619705,1.5406,2.0
Sample_C,24.721030042918457,54.74644168327998,1.5406,2.0
Sample_C,24.82117310443491,73.95243342672276,1.5406,2.0
Sample_C,24.92131616595136,46.31284376486348,1.5406,2.0
Sample_C,25.021459227467812,63.64683516684431,1.5406,2.0
Sample_C,25.121602288984263,75.17498423158838,1.5406,2.0
Sample_C,25.22174535050072,57.88117708079924,1.5406,2.0
Sample_C,25.321888412017167,48.31718602139997,1.5406,2.0
Sample_C,25.42203147353362,59.050938871962266,1.5406,2.0
Sample_C,25.522174535050073,38.56405121488739,1.5406,2.0
Sample_C,25.622317596566525,63.7578270059263,1.5406,2.0
Sample_C,25.722460658082976,71.2945014750832,1.5406,2.0
Sample_C,25.822603719599428,32.0620850596617,1.5406,2.0
Sample_C,25.922746781115883,55.76262486330009,1.5406,2.0
Sample_C,26.02288984263233,49.88821702203677,1.5406,2.0
Sample_C,26.123032904148786,60.21352879961667,1.5406,2.0
Sample_C,26.223175965665238,46.842045925072405,1.5406,2.0
Sample_C,26.32331902718169,20.394576394384476,1.5406,2.0
Sample_C,26.42346208869814,82.74681565708968,1.5406,2.0
Sample_C,26.523605150214593,56.89074794769938,1.5406,2.0
Sample_C,26.623748211731044,82.97254258009355,1.5406,2.0
Sample_C,26.723891273247496,62.45316424076042,1.5406,2.0
Sample_C,26.82403433476395,64.22788646165762,1.5406,2.0
Sample_C,26.924177396280403,14.719558611929067,1.5406,2.0
Sample_C,27.024320457796854,82.1509040732517,1.5406,2.0
Sample_C,27.124463519313306,86.61240808762713,1.5406,2.0
Sample_C,27.224606580829757,49.83490411535486,1.5406,2.0
Sample_C,27.32474964234621,31.505051739626506,1.5406,2.0
Sample_C,27.42489270386266,58.56069225912303,1.5406,2.0
Sample_C,27.525035765379116,14.415332377403345,1.5406,2.0
Sample_C,27.625178826895567,27.98683530963335,1.5406,2.0
Sample_C,27.72532188841202,48.60242881750185,1.5406,2.0
Sample_C,27.82546494992847,47.76990614380689,1.5406,2.0
Sample_C,27.925608011444922,55.24322778369135,1.5406,2.0
Sample_C,28.025751072961373,42.04414701150517,1.5406,2.0
Sample_C,28.125894134477825,60.30417844063683,1.5406,2.0
Sample_C,28.22603719599428,43.91281505203699,1.5406,2.0
Sample_C,28.32618025751073,29.17766530100659,1.5406,2.0
Sample_C,28.426323319027183,64.37421844538916,1.5406,2.0
Sample_C,28.526466380543635,35.47081232185645,1.5406,2.0
Sample_C,28.626609442060087,47.627223519660504,1.5406,2.0
Sample_C,28.726752503576538,20.494032403100398,1.5406,2.0
Sample_C,28.82689556509299,73.13142946475728,1.5406,2.0
Sample_C,28.927038626609445,91.89671724720581,1.5406,2.0
Sample_C,29.027181688125896,53.039782925004864,1.5406,2.0
Sample_C,29.127324749642348,140.21971951416523,1.5406,2.0
Sample_C,29.2274678111588,200.89278716089518,1.5406,2.0
Sample_C,29.32761087267525,249.72142508669134,1.5406,2.0
Sample_C,29.427753934191703,321.05066487696985,1.5406,2.0
Sample_C,29.527896995708154,416.5309159928007,1.5406,2.0
Sample_C,29.62804005722461,502.02622463571527,1.5406,2.0
Sample_C,29.72818311874106,641.6642031782617,1.5406,2.0
Sample_C,29.828326180257513,711.3592178630931,1.5406,2.0
Sample_C,29.928469241773964,879.7439668493048,1.5406,2.0
Sample_C,30.028612303290416,894.8349154521825,1.5406,2.0
Sample_C,30.128755364806867,932.6799267161769,1.5406,2.0
Sample_C,30.22889842632332,943.5864593949867,1.5406,2.0
Sample_C,30.329041487839774,895.5514780830399,1.5406,2.0
Sample_C,30.429184549356226,852.5210767499497,1.5406,2.0
Sample_C,30.529327610872677,794.6620015590594,1.5406,2.0
Sample_C,30.62947067238913,677.1381579869587,1.5406,2.0
Sample_C,30.72961373390558,578.2179265916085,1.5406,2.0
Sample_C,30.829756795422032,442.24177763598834,1.5406,2.0
Sample_C,30.929899856938484,401.54220554831153,1.5406,2.0
Sample_C,31.03004291845494,309.62229136997604,1.5406,2.0
Sample_C,31.13018597997139,236.37584246973327,1.5406,2.0
Sample_C,31.230329041487842,177.00736571739424,1.5406,2.0
Sample_C,31.330472103004293,142.66476229624354,1.5406,2.0
Sample_C,31.430615164520745,125.96386166915563,1.5406,2.0
Sample_C,31.530758226037197,107.74754386255887,1.5406,2.0
Sample_C,31.630901287553648,87.37176563457902,1.5406,2.0
Sample_C,31.731044349070103,72.3265478019948,1.5406,2.0
Sample_C,31.831187410586555,47.48542916933907,1.5406,2.0
Sample_C,31.931330472103006,77.02107401530093,1.5406,2.0
Sample_C,32.03147353361946,67.62533498801355,1.5406,2.0
Sample_C,32.13161659513591,20.154179853103606,1.5406,2.0
Sample_C,32.23175965665236,31.62488694516332,1.5406,2.0
Sample_C,32.33190271816881,60.94789641113847,1.5406,2.0
Sample_C,32.43204577968527,56.14761144964855,1.5406,2.0
Sample_C,32.532188841201716,54.87401414141919,1.5406,2.0
Sample_C,32.63233190271817,38.336402471380936,1.5406,2.0
Sample_C,32.732474964234626,35.87613431205946,1.5406,2.0
Sample_C,32.832618025751074,35.04804052967769,1.5406,2.0
Sample_C,32.93276108726752,48.816106342883565,1.5406,2.0
Sample_C,33.03290414878398,17.42810548202064,1.5406,2.0
Sample_C,33.13304721030043,70.39569084761033,1.5406,2.0
Sample_C,33.23319027181688,45.457090940126626,1.5406,2.0
Sample_C,33.333333333333336,9.06857763112449,1.5406,2.0
Sample_C,33.43347639484979,62.78002893843207,1.5406,2.0
Sample_C,33.53361945636624,49.02516767133457,1.5406,2.0
Sample_C,33.63376251788269,42.688721671828375,1.5406,2.0
Sample_C,33.73390557939914,16.138800508576956,1.5406,2.0
Sample_C,33.8340486409156,59.106151344672625,1.5406,2.0
Sample_C,33.934191702432045,24.42984431144452,1.5406,2.0
Sample_C,34.0343347639485,58.77868791175447,1.5406,2.0
Sample_C,34.134477825464955,41.525543034725224,1.5406,2.0
Sample_C,34.2346208869814,45.866634371485006,1.5406,2.0
Sample_C,34.33476394849785,17.6270882984281,1.5406,2.0
Sample_C,34.43490701001431,29.29220448928059,1.5406,2.0
Sample_C,34.53505007153076,58.319938759802525,1.5406,2.0
Sample_C,34.63519313304721,28.617010093911524,1.5406,2.0
Sample_C,34.735336194563665,36.93213257456403,1.5406,2.0
Sample_C,34.83547925608012,32.38895374651062,1.5406,2.0
Sample_C,34.93562231759657,54.458617384333756,1.5406,2.0
Sample_C,35.035765379113016,58.18719950642679,1.5406,2.0
Sample_C,35.13590844062947,70.55857120550488,1.5406,2.0
Sample_C,35.236051502145926,73.38210755069903,1.5406,2.0
Sample_C,35.336194563662374,20.088992327776545,1.5406,2.0
Sample_C,35.43633762517883,58.73417028601712,1.5406,2.0
Sample_C,35.536480686695285,43.24200368383058,1.5406,2.0
Sample_C,35.63662374821173,35.73064317287725,1.5406,2.0
Sample_C,35.73676680972818,55.64411615136693,1.5406,2.0
Sample_C,35.836909871244636,58.278675018980614,1.5406,2.0
Sample_C,35.93705293276109,14.411762097421352,1.5406,2.0
Sample_C,36.03719599427754,3.110581345516934,1.5406,2.0
Sample_C,36.137339055793994,77.92548398813544,1.5406,2.0
Sample_C,36.23748211731045,48.099294949336375,1.5406,2.0
Sample_C,36.3376251788269,63.46325991363102,1.5406,2.0
Sample_C,36.437768240343345,63.21667887769644,1.5406,2.0
Sample_C,36.5379113018598,49.585594413216484,1.5406,2.0
Sample_C,36.638054363376256,49.49129945716548,1.5406,2.0
Sample_C,36.738197424892704,55.38703453805615,1.5406,2.0
Sample_C,36.83834048640916,84.73571457362975,1.5406,2.0
Sample_C,36.938483547925614,8.104937363819225,1.5406,2.0
Sample_C,37.03862660944206,15.649869243215711,1.5406,2.0
Sample_C,37.13876967095851,31.153584819239732,1.5406,2.0
Sample_C,37.238912732474965,18.193147804784623,1.5406,2.0
Sample_C,37.33905579399142,84.14061291357253,1.5406,2.0
Sample_C,37.43919885550787,45.838961271492295,1.5406,2.0
Sample_C,37.53934191702432,35.780964725406704,1.5406,2.0
Sample_C,37.63948497854078,53.02681359692274,1.5406,2.0
Sample_C,37.73962804005723,48.64707540278036,1.5406,2.0
Sample_C,37.839771101573675,49.89709815207311,1.5406,2.0
Sample_C,37.93991416309013,101.05824584059785,1.5406,2.0
Sample_C,38.040057224606585,81.12073550309267,1.5406,2.0
Sample_C,38.14020028612303,63.96752827385283,1.5406,2.0
Sample_C,38.24034334763949,37.430975605223686,1.5406,2.0
Sample_C,38.34048640915594,43.87933962352366,1.5406,2.0
Sample_C,38.44062947067239,17.627791582046463,1.5406,2.0
Sample_C,38.54077253218884,47.202787302422685,1.5406,2.0
Sample_C,38.640915593705294,45.86564995307491,1.5406,2.0
Sample_C,38.74105865522175,63.33741823234573,1.5406,2.0
Sample_C,38.8412017167382,45.02111907665698,1.5406,2.0
Sample_C,38.94134477825465,56.39410851163494,1.5406,2.0
Sample_C,39.04148783977111,48.32944397773889,1.5406,2.0
Sample_C,39.141630901287556,43.755451287598255,1.5406,2.0
Sample_C,39.241773962804004,39.86766887900737,1.5406,2.0
Sample_C,39.34191702432046,59.78309169168485,1.5406,2.0
Sample_C,39.442060085836914,55.364580498389415,1.5406,2.0
Sample_C,39.54220314735336,62.38142830902713,1.5406,2.0
Sample_C,39.64234620886982,43.40379527398018,1.5406,2.0
Sample_C,39.74248927038627,38.97100383789967,1.5406,2.0
Sample_C,39.84263233190272,36.23435307229471,1.5406,2.0
Sample_C,39.94277539341917,61.5248929224897,1.5406,2.0
Sample_C,40.042918454935624,75.96522547994505,1.5406,2.0
Sample_C,40.14306151645208,55.43009688850423,1.5406,2.0
Sample_C,40.24320457796853,26.196549013484688,1.5406,2.0
Sample_C,40.34334763948498,73.06942024870754,1.5406,2.0
Sample_C,40.44349070100144,47.688089794182815,1.5406,2.0
Sample_C,40.543633762517885,11.573219343694895,1.5406,2.0
Sample_C,40.64377682403433,66.1713190091432,1.5406,2.0
Sample_C,40.74391988555079,39.33230943393711,1.5406,2.0
Sample_C,40.84406294706724,66.41233108064553,1.5406,2.0
Sample_C,40.94420600858369,54.34936712074342,1.5406,2.0
Sample_C,41.04434907010015,44.91050371079781,1.5406,2.0
Sample_C,41.1444921316166,54.71529094487131,1.5406,2.0
Sample_C,41.24463519313305,56.79161435943115,1.5406,2.0
Sample_C,41.3447782546495,20.628349804224065,1.5406,2.0
Sample_C,41.44492131616595,56.391024291725444,1.5406,2.0
Sample_C,41.54506437768241,58.28583620669805,1.5406,2.0
Sample_C,41.645207439198856,71.84240716902409,1.5406,2.0
Sample_C,41.74535050071531,55.413013408477795,1.5406,2.0
Sample_C,41.845493562231766,24.643090175112896,1.5406,2.0
Sample_C,41.945636623748214,70.70653782682959,1.5406,2.0
Sample_C,42.04577968526466,60.215189199818404,1.5406,2.0
Sample_C,42.14592274678112,118.46976553628613,1.5406,2.0
Sample_C,42.24606580829757,69.94286777673906,1.5406,2.0
Sample_C,42.34620886981402,67.99809502340881,1.5406,2.0
Sample_C,42.446351931330476,116.75716499952456,1.5406,2.0
Sample_C,42.546494992846924,164.87726856548977,1.5406,2.0
Sample_C,42.64663805436338,194.3061073092664,1.5406,2.0
Sample_C,42.74678111587983,236.94445690449277,1.5406,2.0
Sample_C,42.84692417739628,337.82979118400124,1.5406,2.0
Sample_C,42.94706723891274,336.7371840320788,1.5406,2.0
Sample_C,43.047210300429185,386.3187108324476,1.5406,2.0
Sample_C,43.14735336194564,447.8790637591935,1.5406,2.0
Sample_C,43.24749642346209,518.5421046088924,1.5406,2.0
Sample_C,43.347639484978544,558.8083163451838,1.5406,2.0
Sample_C,43.44778254649499,605.8104177845763,1.5406,2.0
Sample_C,43.54792560801145,603.718534817729,1.5406,2.0
Sample_C,43.6480686695279,541.3625241386502,1.5406,2.0
Sample_C,43.74821173104435,535.6851807737921,1.5406,2.0
Sample_C,43.848354792560805,490.83581256228166,1.5406,2.0
Sample_C,43.94849785407725,421.90393459692103,1.5406,2.0
Sample_C,44.04864091559371,359.95480220424054,1.5406,2.0
Sample_C,44.148783977110156,331.2339299896902,1.5406,2.0
Sample_C,44.24892703862661,226.9098151113559,1.5406,2.0
Sample_C,44.34907010014307,154.51773364561896,1.5406,2.0
Sample_C,44.449213161659515,167.02864627254368,1.5406,2.0
Sample_C,44.54935622317597,129.5361329783189,1.5406,2.0
Sample_C,44.64949928469242,109.32651054528897,1.5406,2.0
Sample_C,44.74964234620887,69.06230924117116,1.5406,2.0
Sample_C,44.84978540772532,50.835904103581505,1.5406,2.0
Sample_C,44.949928469241776,61.90747787041642,1.5406,2.0
Sample_C,45.05007153075823,64.43995268368255,1.5406,2.0
Sample_C,45.15021459227468,71.99310019293273,1.5406,2.0
Sample_C,45.250357653791134,61.94640620509082,1.5406,2.0
Sample_C,45.35050071530758,39.75062221511257,1.5406,2.0
Sample_C,45.45064377682404,29.188785857980456,1.5406,2.0
Sample_C,45.550786838340485,23.346715457726784,1.5406,2.0
Sample_C,45.65092989985694,75.18686091305253,1.5406,2.0
Sample_C,45.751072961373396,65.11401796528861,1.5406,2.0
Sample_C,45.851216022889844,73.02187176744836,1.5406,2.0
Sample_C,45.9513590844063,48.7948974170363,1.5406,2.0
Sample_C,46.05150214592275,45.80317949437286,1.5406,2.0
Sample_C,46.1516452074392,30.347768201794793,1.5406,2.0
Sample_C,46.25178826895565,21.58053673765227,1.5406,2.0
Sample_C,46.351931330472105,65.01858492978306,1.5406,2.0
Sample_C,46.45207439198856,9.11456172947765,1.5406,2.0
Sample_C,46.55221745350501,73.53216308518692,1.5406,2.0
Sample_C,46.65236051502146,23.920022283725597,1.5406,2.0
Sample_C,46.75250357653791,86.47687030889306,1.5406,2.0
Sample_C,46.85264663805437,5.059528855616286,1.5406,2.0
Sample_C,46.952789699570815,30.331850450949048,1.5406,2.0
Sample_C,47.05293276108727,54.78806772597957,1.5406,2.0
Sample_C,47.153075822603725,59.132859043961574,1.5406,2.0
Sample_C,47.25321888412017,54.8819826617602,1.5406,2.0
Sample_C,47.35336194563663,37.49502003507499,1.5406,2.0
Sample_C,47.453505007153076,51.08414751910484,1.5406,2.0
Sample_C,47.55364806866953,27.83996886589452,1.5406,2.0
Sample_C,47.65379113018598,50.959741398568916,1.5406,2.0
Sample_C,47.753934191702434,48.53139525067472,1.5406,2.0
Sample_C,47.85407725321889,72.82792268554815,1.5406,2.0
Sample_C,47.95422031473534,43.788260821894845,1.5406,2.0
Sample_C,48.05436337625179,69.26900115159683,1.5406,2.0
Sample_C,48.15450643776824,56.985105598060294,1.5406,2.0
Sample_C,48.254649499284696,5.175364767095161,1.5406,2.0
Sample_C,48.354792560801144,49.35589235408794,1.5406,2.0
Sample_C,48.4549356223176,42.97429633401145,1.5406,2.0
Sample_C,48.555078683834054,24.275828885205193,1.5406,2.0
Sample_C,48.6552217453505,68.18885704926537,1.5406,2.0
Sample_C,48.75536480686696,48.569782589445005,1.5406,2.0
Sample_C,48.855507868383405,84.79497211178543,1.5406,2.0
Sample_C,48.95565092989986,47.39954095309176,1.5406,2.0
Sample_C,49.05579399141631,40.10703181733067,1.5406,2.0
Sample_C,49.155937052932764,23.49676850819757,1.5406,2.0
Sample_C,49.25608011444922,58.091882547089845,1.5406,2.0
Sample_C,49.35622317596567,51.16321545398598,1.5406,2.0
Sample_C,49.45636623748212,38.69988563836918,1.5406,2.0
Sample_C,49.55650929899857,0.8386490133284994,1.5406,2.0
Sample_C,49.656652360515025,65.44723411697984,1.5406,2.0
Sample_C,49.75679542203147,46.812501378782,1.5406,2.0
Sample_C,49.85693848354793,54.38211141703793,1.5406,2.0
Sample_C,49.95708154506438,69.78574525213439,1.5406,2.0
Sample_C,50.05722460658083,83.62811551257485,1.5406,2.0
Sample_C,50.15736766809729,48.43188309036208,1.5406,2.0
Sample_C,50.257510729613735,60.26898057849432,1.5406,2.0
Sample_C,50.35765379113019,52.6904677338339,1.5406,2.0
Sample_C,50.45779685264664,50.43084430426819,1.5406,2.0
Sample_C,50.55793991416309,82.87268598262295,1.5406,2.0
Sample_C,50.65808297567955,67.5920678857591,1.5406,2.0
Sample_C,50.758226037195996,39.46177143382645,1.5406,2.0
Sample_C,50.85836909871245,65.94295767690353,1.5406,2.0
Sample_C,50.9585121602289,23.660436618052742,1.5406,2.0
Sample_C,51.058655221745354,48.70929927895077,1.5406,2.0
Sample_C,51.1587982832618,69.53805989270245,1.5406,2.0
Sample_C,51.25894134477826,75.99551924554441,1.5406,2.0
Sample_C,51.35908440629471,23.155102797365316,1.5406,2.0
Sample_C,51.45922746781116,49.08091003664138,1.5406,2.0
Sample_C,51.559370529327616,31.439772773257534,1.5406,2.0
Sample_C,51.659513590844064,5.380917656406709,1.5406,2.0
Sample_C,51.75965665236052,41.54643814874041,1.5406,2.0
Sample_C,51.85979971387697,41.94862529244614,1.5406,2.0
Sample_C,51.95994277539342,20.08534040221816,1.5406,2.0
Sample_C,52.06008583690988,90.96916242693587,1.5406,2.0
Sample_C,52.160228898426325,41.294782730143964,1.5406,2.0
Sample_C,52.26037195994278,47.55869222165359,1.5406,2.0
Sample_C,52.36051502145923,58.72595033655665,1.5406,2.0
Sample_C,52.460658082975684,50.43256328952622,1.5406,2.0
Sample_C,52.56080114449213,89.6761714782539,1.5406,2.0
Sample_C,52.66094420600859,70.46793803346264,1.5406,2.0
Sample_C,52.76108726752504,94.48948860159004,1.5406,2.0
Sample_C,52.86123032904149,83.76069532784271,1.5406,2.0
Sample_C,52.961373390557945,149.5485347714328,1.5406,2.0
Sample_C,53.06151645207439,219.2189811015948,1.5406,2.0
Sample_C,53.16165951359085,259.4155735555629,1.5406,2.0
Sample_C,53.261802575107296,229.48224691747453,1.5406,2.0
Sample_C,53.36194563662375,294.01524599946146,1.5406,2.0
Sample_C,53.46208869814021,313.63692191122374,1.5406,2.0
Sample_C,53.562231759656655,353.81175645412674,1.5406,2.0
Sample_C,53.66237482117311,352.4943665350942,1.5406,2.0
Sample_C,53.76251788268956,384.84142636012473,1.5406,2.0
Sample_C,53.86266094420601,372.2014622468655,1.5406,2.0
Sample_C,53.96280400572246,366.60253016433575,1.5406,2.0
Sample_C,54.062947067238916,352.2595037234981,1.5406,2.0
Sample_C,54.16309012875537,322.4024176227307,1.5406,2.0
Sample_C,54.26323319027182,276.97169465790506,1.5406,2.0
Sample_C,54.363376251788274,191.0149558750773,1.5406,2.0
Sample_C,54.46351931330472,209.91999878987065,1.5406,2.0
Sample_C,54.56366237482118,141.80684603466233,1.5406,2.0
Sample_C,54.663805436337626,143.79383136824117,1.5406,2.0
Sample_C,54.76394849785408,107.1691357609947,1.5406,2.0
Sample_C,54.864091559370536,86.40594577612485,1.5406,2.0
Sample_C,54.964234620886984,26.158461568620012,1.5406,2.0
Sample_C,55.06437768240344,71.2904711407736,1.5406,2.0
Sample_C,55.16452074391989,24.008703989990934,1.5406,2.0
Sample_C,55.26466380543634,83.46536062089575,1.5406,2.0
Sample_C,55.36480686695279,72.36835818011083,1.5406,2.0
Sample_C,55.464949928469245,53.83377024786457,1.5406,2.0
Sample_C,55.56509298998569,60.988086761374674,1.5406,2.0
Sample_C,55.66523605150215,29.612377416045646,1.5406,2.0
Sample_C,55.765379113018604,48.664460499276956,1.5406,2.0
Sample_C,55.86552217453505,64.84078649755833,1.5406,2.0
Sample_C,55.96566523605151,28.712018307604122,1.5406,2.0
Sample_C,56.065808297567955,39.12259143699213,1.5406,2.0
Sample_C,56.16595135908441,62.562224945364136,1.5406,2.0
Sample_C,56.26609442060086,9.492466288533812,1.5406,2.0
Sample_C,56.36623748211731,76.06248941079437,1.5406,2.0
Sample_C,56.46638054363377,36.14875026324839,1.5406,2.0
Sample_C,56.566523605150216,51.146262050819324,1.5406,2.0
Sample_C,56.66666666666667,47.05461382773404,1.5406,2.0
Sample_C,56.76680972818312,50.2483397858137,1.5406,2.0
Sample_C,56.866952789699575,35.810771987568586,1.5406,2.0
Sample_C,56.96709585121602,57.350405821789415,1.5406,2.0
Sample_C,57.06723891273248,24.279982054407746,1.5406,2.0
Sample_C,57.16738197424893,31.244573667780063,1.5406,2.0
Sample_C,57.26752503576538,70.63071070710808,1.5406,2.0
Sample_C,57.367668097281836,10.079514444661328,1.5406,2.0
Sample_C,57.467811158798284,55.18740537229301,1.5406,2.0
Sample_C,57.56795422031474,23.166248587569317,1.5406,2.0
Sample_C,57.66809728183119,60.62176837394314,1.5406,2.0
Sample_C,57.76824034334764,39.19922689356918,1.5406,2.0
Sample_C,57.8683834048641,65.31752972196432,1.5406,2.0
Sample_C,57.968526466380546,91.46502729967177,1.5406,2.0
Sample_C,58.068669527897,29.344685785267778,1.5406,2.0
Sample_C,58.16881258941345,48.799578929987675,1.5406,2.0
Sample_C,58.268955650929904,50.10972465521478,1.5406,2.0
Sample_C,58.36909871244635,5.704794311752686,1.5406,2.0
Sample_C,58.46924177396281,35.2283610838914,1.5406,2.0
Sample_C,58.56938483547926,76.24401180297217,1.5406,2.0
Sample_C,58.66952789699571,40.97962191008735,1.5406,2.0
Sample_C,58.769670958512165,48.707210644172115,1.5406,2.0
Sample_C,58.86981402002861,48.0600200541214,1.5406,2.0
Sample_C,58.96995708154507,28.786329061123663,1.5406,2.0
Sample_C,59.07010014306152,26.52634620296736,1.5406,2.0
Sample_C,59.17024320457797,41.509704469408874,1.5406,2.0
Sample_C,59.27038626609443,73.58649863672393,1.5406,2.0
Sample_C,59.370529327610875,51.21320410766509,1.5406,2.0
Sample_C,59.47067238912733,48.37748159759849,1.5406,2.0
Sample_C,59.57081545064378,51.29145002952584,1.5406,2.0
Sample_C,59.67095851216023,40.58634617441376,1.5406,2.0
Sample_C,59.77110157367668,71.76764386510465,1.5406,2.0
Sample_C,59.871244635193136,46.88869035687875,1.5406,2.0
Sample_C,59.97138769670959,51.330620603864155,1.5406,2.0
Sample_C,60.07153075822604,69.62098471072031,1.5406,2.0
Sample_C,60.171673819742495,46.49224895648663,1.5406,2.0
Sample_C,60.27181688125894,65.21911375444618,1.5406,2.0
Sample_C,60.3719599427754,43.5948209696517,1.5406,2.0
Sample_C,60.472103004291846,28.299317205297164,1.5406,2.0
Sample_C,60.5722460658083,28.65342577292855,1.5406,2.0
Sample_C,60.672389127324756,73.10901513651999,1.5406,2.0
Sample_C,60.772532188841204,50.55170195189248,1.5406,2.0
Sample_C,60.87267525035766,47.87542333135186,1.5406,2.0
Sample_C,60.97281831187411,40.75895981728422,1.5406,2.0
Sample_C,61.07296137339056,39.2977847851612,1.5406,2.0
Sample_C,61.17310443490701,12.367789660496086,1.5406,2.0
Sample_C,61.273247496423465,62.796051077564215,1.5406,2.0
Sample_C,61.37339055793992,38.84512566805151,1.5406,2.0
Sample_C,61.47353361945637,32.021175068481895,1.5406,2.0
Sample_C,61.573676680972824,40.14327515266658,1.5406,2.0
Sample_C,61.67381974248927,82.51104389205327,1.5406,2.0
Sample_C,61.77396280400573,58.47998949553282,1.5406,2.0
Sample_C,61.874105865522175,95.28532251169227,1.5406,2.0
Sample_C,61.97424892703863,98.85356497897797,1.5406,2.0
Sample_C,62.074391988555085,110.00371938208801,1.5406,2.0
Sample_C,62.17453505007153,120.49660836019743,1.5406,2.0
Sample_C,62.27467811158799,165.45584435076924,1.5406,2.0
Sample_C,62.374821173104436,182.13607645176995,1.5406,2.0
Sample_C,62.47496423462089,267.432055113523,1.5406,2.0
Sample_C,62.57510729613734,273.58406486612347,1.5406,2.0
Sample_C,62.675250357653795,271.2506124373919,1.5406,2.0
Sample_C,62.77539341917025,271.07786272932793,1.5406,2.0
Sample_C,62.8755364806867,283.6901593457816,1.5406,2.0
Sample_C,62.97567954220315,314.5244178635477,1.5406,2.0
Sample_C,63.0758226037196,271.8788565484954,1.5406,2.0
Sample_C,63.175965665236056,261.5301508077517,1.5406,2.0
Sample_C,63.276108726752504,275.7639915484695,1.5406,2.0
Sample_C,63.37625178826896,203.21430598158108,1.5406,2.0
Sample_C,63.476394849785414,170.19493603385044,1.5406,2.0
Sample_C,63.57653791130186,133.16200816407328,1.5406,2.0
Sample_C,63.67668097281832,99.94464113009425,1.5406,2.0
Sample_C,63.776824034334766,84.79617353962576,1.5406,2.0
Sample_C,63.87696709585122,87.80550793865973,1.5406,2.0
Sample_C,63.97711015736767,82.78613024313113,1.5406,2.0
Sample_C,64.07725321888412,52.782546556136985,1.5406,2.0
Sample_C,64.17739628040059,51.73038501348989,1.5406,2.0
Sample_C,64.27753934191702,102.71314309273019,1.5406,2.0
Sample_C,64.37768240343348,49.93710122557909,1.5406,2.0
Sample_C,64.47782546494993,32.38986356724992,1.5406,2.0
Sample_C,64.57796852646638,31.125813867724087,1.5406,2.0
Sample_C,64.67811158798284,20.539966795573655,1.5406,2.0
Sample_C,64.77825464949929,29.782118499003676,1.5406,2.0
Sample_C,64.87839771101574,72.74839827694116,1.5406,2.0
Sample_C,64.9785407725322,78.62363237848245,1.5406,2.0
Sample_C,65.07868383404865,0.0,1.5406,2.0
Sample_C,65.1788268955651,62.944252970393286,1.5406,2.0
Sample_C,65.27896995708156,31.212362236059885,1.5406,2.0
Sample_C,65.37911301859799,34.40538710956213,1.5406,2.0
Sample_C,65.47925608011445,41.461815530577844,1.5406,2.0
Sample_C,65.57939914163092,17.794932869919244,1.5406,2.0
Sample_C,65.67954220314735,56.51806735314779,1.5406,2.0
Sample_C,65.77968526466381,36.23650453202602,1.5406,2.0
Sample_C,65.87982832618026,33.21795564661912,1.5406,2.0
Sample_C,65.97997138769671,36.28218182328495,1.5406,2.0
Sample_C,66.08011444921317,65.38048907531181,1.5406,2.0
Sample_C,66.18025751072962,39.29093838304428,1.5406,2.0
Sample_C,66.28040057224607,96.0788358483093,1.5406,2.0
Sample_C,66.38054363376253,52.89199859654794,1.5406,2.0
Sample_C,66.48068669527898,43.77841014605371,1.5406,2.0
Sample_C,66.58082975679542,47.672549454646415,1.5406,2.0
Sample_C,66.68097281831189,65.33157164120145,1.5406,2.0
Sample_C,66.78111587982832,63.258654910286864,1.5406,2.0
Sample_C,66.88125894134478,53.98654930905276,1.5406,2.0
Sample_C,66.98140200286124,64.44370817251796,1.5406,2.0
Sample_C,67.08154506437768,51.1340704972614,1.5406,2.0
Sample_C,67.18168812589414,73.3398724614137,1.5406,2.0
Sample_C,67.28183118741059,79.60373943249292,1.5406,2.0
Sample_C,67.38197424892704,57.08871628211508,1.5406,2.0
Sample_C,67.4821173104435,53.89950460268967,1.5406,2.0
Sample_C,67.58226037195995,66.52964280603607,1.5406,2.0
Sample_C,67.6824034334764,50.2532772367854,1.5406,2.0
Sample_C,67.78254649499286,47.51309405820824,1.5406,2.0
Sample_C,67.8826895565093,15.744327975560083,1.5406,2.0
Sample_C,67.98283261802575,59.52700188375238,1.5406,2.0
Sample_C,68.08297567954222,45.27078083587537,1.5406,2.0
Sample_C,68.18311874105865,16.460301545661167,1.5406,2.0
Sample_C,68.28326180257511,36.714990271157006,1.5406,2.0
Sample_C,68.38340486409156,69.09959604637793,1.5406,2.0
Sample_C,68.48354792560801,68.4168275472977,1.5406,2.0
Sample_C,68.58369098712447,76.61008810765897,1.5406,2.0
Sample_C,68.68383404864092,27.177379977652613,1.5406,2.0
Sample_C,68.78397711015737,65.92104719363405,1.5406,2.0
Sample_C,68.88412017167383,70.96188371334753,1.5406,2.0
Sample_C,68.98426323319028,39.01084729278507,1.5406,2.0
Sample_C,69.08440629470672,82.97997137945742,1.5406,2.0
Sample_C,69.18454935622319,77.37288495655804,1.5406,2.0
Sample_C,69.28469241773963,55.06835474707819,1.5406,2.0
Sample_C,69.38483547925608,4.160612550237673,1.5406,2.0
Sample_C,69.48497854077254,30.582962093949618,1.5406,2.0
Sample_C,69.58512160228898,69.14820066548121,1.5406,2.0
Sample_C,69.68526466380544,68.46470928375726,1.5406,2.0
Sample_C,69.78540772532189,82.45207133110489,1.5406,2.0
Sample_C,69.88555078683834,39.52169238301272,1.5406,2.0
Sample_C,69.9856938483548,78.64314909926084,1.5406,2.0
Sample_C,70.08583690987125,16.460379706228984,1.5406,2.0
Sample_C,70.1859799713877,43.43026192073806,1.5406,2.0
Sample_C,70.28612303290416,48.60969758875018,1.5406,2.0
Sample_C,70.3862660944206,40.50941535513197,1.5406,2.0
Sample_C,70.48640915593705,16.702568021396168,1.5406,2.0
Sample_C,70.58655221745352,70.34656003861386,1.5406,2.0
Sample_C,70.68669527896996,37.50097015574007,1.5406,2.0
Sample_C,70.78683834048641,32.987391517921075,1.5406,2.0
Sample_C,70.88698140200287,38.626509614328576,1.5406,2.0
Sample_C,70.98712446351931,29.134116145401624,1.5406,2.0
Sample_C,71.08726752503577,69.90094063811637,1.5406,2.0
Sample_C,71.18741058655222,16.7088808377613,1.5406,2.0
Sample_C,71.28755364806867,73.33168383633414,1.5406,2.0
Sample_C,71.38769670958513,63.09537468061411,1.5406,2.0
Sample_C,71.48783977110158,63.71713456798035,1.5406,2.0
Sample_C,71.58798283261802,43.28876708168589,1.5406,2.0
Sample_C,71.68812589413449,74.00593963680633,1.5406,2.0
Sample_C,71.78826895565093,27.51672594118205,1.5406,2.0
Sample_C,71.88841201716738,60.10687780226346,1.5406,2.0
Sample_C,71.98855507868385,40.36341384731902,1.5406,2.0
Sample_C,72.0886981402003,56.49914469380769,1.5406,2.0
Sample_C,72.18884120171674,55.5130217594738,1.5406,2.0
Sample_C,72.2889842632332,53.79025034603717,1.5406,2.0
Sample_C,72.38912732474964,36.23173950836074,1.5406,2.0
Sample_C,72.4892703862661,41.4592165572151,1.5406,2.0
Sample_C,72.58941344778255,42.78124319017602,1.5406,2.0
Sample_C,72.689556509299,16.184123956782557,1.5406,2.0
Sample_C,72.78969957081546,31.508468485104967,1.5406,2.0
Sample_C,72.8898426323319,66.84496071954135,1.5406,2.0
Sample_C,72.98998569384835,43.22045219864526,1.5406,2.0
Sample_C,73.09012875536482,60.47690132382471,1.5406,2.0
Sample_C,73.19027181688126,60.38329373883337,1.5406,2.0
Sample_C,73.29041487839771,71.62187146492622,1.5406,2.0
Sample_C,73.39055793991417,50.06865289362466,1.5406,2.0
Sample_C,73.49070100143062,68.19948826717967,1.5406,2.0
Sample_C,73.59084406294707,57.18162834524285,1.5406,2.0
Sample_C,73.69098712446353,18.68933160133162,1.5406,2.0
Sample_C,73.79113018597997,32.31587313115564,1.5406,2.0
Sample_C,73.89127324749643,14.256489688718005,1.5406,2.0
Sample_C,73.99141630901288,32.450767282751414,1.5406,2.0
Sample_C,74.09155937052932,62.89834398008897,1.5406,2.0
Sample_C,74.19170243204579,43.151956918809326,1.5406,2.0
Sample_C,74.29184549356223,38.819323728690165,1.5406,2.0
Sample_C,74.39198855507868,82.58134010168968,1.5406,2.0
Sample_C,74.49213161659515,45.67032174925895,1.5406,2.0
Sample_C,74.5922746781116,10.979301044442018,1.5406,2.0
Sample_C,74.69241773962804,36.42074118978833,1.5406,2.0
Sample_C,74.79256080114449,42.88889564440199,1.5406,2.0
Sample_C,74.89270386266095,78.45810704535873,1.5406,2.0
Sample_C,74.9928469241774,16.845492919121405,1.5406,2.0
Sample_C,75.09298998569385,46.019173450362416,1.5406,2.0
Sample_C,75.19313304721031,48.15872211425336,1.5406,2.0
Sample_C,75.29327610872676,31.455766592155424,1.5406,2.0
Sample_C,75.3934191702432,48.370329733450085,1.5406,2.0
Sample_C,75.49356223175965,46.54001403924935,1.5406,2.0
Sample_C,75.59370529327612,53.976968105035745,1.5406,2.0
Sample_C,75.69384835479256,20.35304550446559,1.5406,2.0
Sample_C,75.79399141630901,66.50234723784718,1.5406,2.0
Sample_C,75.89413447782547,10.793046660221982,1.5406,2.0
Sample_C,75.99427753934192,102.82930320221473,1.5406,2.0
Sample_C,76.09442060085837,34.9474089575926,1.5406,2.0
Sample_C,76.19456366237482,62.04205395486079,1.5406,2.0
Sample_C,76.29470672389128,48.33632316092112,1.5406,2.0
Sample_C,76.39484978540773,0.0,1.5406,2.0
Sample_C,76.49499284692418,0.0,1.5406,2.0
Sample_C,76.59513590844064,55.052138974180814,1.5406,2.0
Sample_C,76.69527896995709,71.34109126135556,1.5406,2.0
Sample_C,76.79542203147354,22.962291662268093,1.5406,2.0
Sample_C,76.89556509298998,54.89245378465243,1.5406,2.0
Sample_C,76.99570815450645,60.72794964476101,1.5406,2.0
Sample_C,77.0958512160229,30.075829720465016,1.5406,2.0
Sample_C,77.19599427753934,28.83070441410343,1.5406,2.0
Sample_C,77.2961373390558,32.955328674433716,1.5406,2.0
Sample_C,77.39628040057225,27.01482440117601,1.5406,2.0
Sample_C,77.4964234620887,74.41725674968768,1.5406,2.0
Sample_C,77.59656652360515,62.297104103519416,1.5406,2.0
Sample_C,77.69670958512161,65.84058927699577,1.5406,2.0
Sample_C,77.79685264663806,29.78164266197172,1.5406,2.0
Sample_C,77.8969957081545,51.1555828375792,1.5406,2.0
Sample_C,77.99713876967097,53.491226900058365,1.5406,2.0
Sample_C,78.09728183118742,55.02202472731593,1.5406,2.0
Sample_C,78.19742489270386,68.88359933545598,1.5406,2.0
Sample_C,78.29756795422031,67.3862039752265,1.5406,2.0
Sample_C,78.39771101573677,43.56474753593956,1.5406,2.0
Sample_C,78.49785407725322,46.835161143976066,1.5406,2.0
Sample_C,78.59799713876967,53.448475233565915,1.5406,2.0
Sample_C,78.69814020028613,74.24074524893047,1.5406,2.0
Sample_C,78.79828326180258,62.108904045330405,1.5406,2.0
Sample_C,78.89842632331903,64.50534604554915,1.5406,2.0
Sample_C,78.99856938483548,40.080693243698946,1.5406,2.0
Sample_C,79.09871244635194,11.834444419882082,1.5406,2.0
Sample_C,79.19885550786839,28.000812558026876,1.5406,2.0
Sample_C,79.29899856938484,37.84185971353821,1.5406,2.0
Sample_C,79.3991416309013,67.93764585612138,1.5406,2.0
Sample_C,79.49928469241775,63.42908131030667,1.5406,2.0
Sample_C,79.5994277539342,38.03797166220376,1.5406,2.0
Sample_C,79.69957081545064,79.47510997330534,1.5406,2.0
Sample_C,79.7997138769671,50.22320417096821,1.5406,2.0
Sample_C,79.89985693848355,10.570876352377027,1.5406,2.0
Sample_C,80.0,17.805589724508444,1.5406,2.0
